amount,category,currency,event_id,event_type,product_id,rating,search_term,session_id,timestamp,user_id
,,,e3617,login,,,,s51701,2025-11-10 11:10:37,7ee3d67d
,,,e8036,view_category,,,,s17231,2025-11-10 11:13:37,41923a8c
,,,e9428,search,,,yoga mat,s26404,2025-11-10 11:13:37,e560674c
,,,e3625,review_product,,,,s89460,2025-11-10 11:38:37,d4e2287e
,,,e1338,login,,,,s20540,2025-11-10 12:23:37,1733bfd1
,,,e7582,review_product,,,,s71326,2025-11-10 12:51:37,433d840b
,,,e5759,review_product,,,,s29989,2025-11-10 13:24:37,74c5acd7
,,,e6755,logout,,,,s97539,2025-11-10 13:32:37,96f41479
,,,e7070,search,,,running shoes,s36092,2025-11-10 13:45:37,8807cb64
,,,e5457,search,,,yoga mat,s99615,2025-11-10 14:08:37,07fb2ad5
,sports,,e7365,share_product,p2866,,,s44495,2025-11-10 14:13:37,90e96910
,,,e5027,review_product,,,,s26978,2025-11-10 14:23:37,b3882a24
,clothing,,e1010,view_product,p3444,,,s44754,2025-11-10 15:15:37,054be57a
,,,e8682,review_product,,,,s20249,2025-11-10 16:01:37,7a2442af
486.91,sports,USD,e1776,purchase,p6083,,,s51185,2025-11-10 17:03:37,76ac43af
,,,e1598,logout,,,,s34715,2025-11-10 18:25:37,bf7f85f6
,,,e5200,search,,,yoga mat,s83514,2025-11-10 20:20:37,07fb2ad5
,clothing,,e4466,rate_product,p1881,1,,s58005,2025-11-10 21:21:37,dcdc9b91
,home,,e6891,share_product,p4022,,,s75729,2025-11-10 22:01:37,336e40c1
,home,,e5908,add_to_cart,p8479,,,s59671,2025-11-10 22:13:37,ed876208
,,,e2940,review_product,,,,s93126,2025-11-11 00:18:37,224a8f74
,,,e5100,logout,,,,s44906,2025-11-11 02:38:37,96f41479
,sports,,e8899,add_to_cart,p1451,,,s28888,2025-11-11 02:55:37,033e25b4
344.55,clothing,USD,e5905,purchase,p5548,,,s47265,2025-11-11 04:02:37,054be57a
,sports,,e7907,share_product,p9915,,,s46341,2025-11-11 04:08:37,5c4750e0
,books,,e3416,rate_product,p8354,3,,s64439,2025-11-11 04:33:37,41923a8c
,,,e1915,search,,,running shoes,s69474,2025-11-11 06:55:37,ddc7d3af
,books,,e9782,view_product,p8478,,,s24939,2025-11-11 07:57:37,c588ab05
,,,e3444,search,,,coffee maker,s60376,2025-11-11 08:30:37,2ccb0b0b
,,,e8825,login,,,,s37843,2025-11-11 08:46:37,9266e47d
,electronics,,e3417,share_product,p3166,,,s28710,2025-11-11 08:47:37,033e25b4
108.86,home,USD,e9589,purchase,p3869,,,s11082,2025-11-11 09:07:37,7791c97e
,,,e7390,view_category,,,,s68656,2025-11-11 09:57:37,49b1e9e2
,,,e3577,view_category,,,,s95463,2025-11-11 10:44:37,1cd8dedd
499.06,sports,USD,e6621,purchase,p9605,,,s98933,2025-11-11 11:29:37,f00c6967
,,,e1352,search,,,wireless headphones,s32692,2025-11-11 11:40:37,53da311d
,sports,,e4824,rate_product,p4745,4,,s46012,2025-11-11 11:55:37,264c3be7
,electronics,,e1572,share_product,p6166,,,s35802,2025-11-11 12:16:37,1733bfd1
,home,,e6247,add_to_cart,p8340,,,s18473,2025-11-11 12:31:37,64db58e3
,,,e8152,view_category,,,,s10772,2025-11-11 12:36:37,9266e47d
,electronics,,e9718,share_product,p8005,,,s95009,2025-11-11 12:50:37,fc5c123e
,,,e6194,view_category,,,,s81809,2025-11-11 13:35:37,1bb953bd
,,,e9049,logout,,,,s49175,2025-11-11 14:42:37,919842b5
,books,,e8672,view_product,p5876,,,s17217,2025-11-11 16:10:37,04d2a560
,books,,e1128,view_product,p6435,,,s95133,2025-11-11 16:18:37,45401e9a
,sports,,e3531,share_product,p5390,,,s66991,2025-11-11 16:31:37,f566196f
,,,e9426,login,,,,s95725,2025-11-11 16:46:37,7c128924
,clothing,,e7229,share_product,p4532,,,s39744,2025-11-11 18:52:37,6e384126
,electronics,,e8905,add_to_cart,p3213,,,s41781,2025-11-11 19:35:37,336e40c1
,,,e3144,review_product,,,,s37378,2025-11-11 19:41:37,6e384126
,books,,e2947,rate_product,p2622,3,,s41915,2025-11-11 19:58:37,5c028660
,,,e4065,review_product,,,,s78391,2025-11-11 21:09:37,45401e9a
368.14,electronics,USD,e1487,purchase,p9816,,,s78494,2025-11-11 22:29:37,6e384126
,,,e1499,login,,,,s98534,2025-11-11 22:54:37,f0077ed4
,books,,e9489,view_product,p5259,,,s83597,2025-11-11 23:21:37,9266e47d
154.2,books,USD,e6198,purchase,p5649,,,s18754,2025-11-11 23:36:37,dd237820
,,,e4951,logout,,,,s54553,2025-11-12 00:26:37,cee84f6e
,,,e9382,view_category,,,,s49782,2025-11-12 01:21:37,f7a53b17
,books,,e3827,rate_product,p6656,5,,s95718,2025-11-12 01:32:37,1bb953bd
,,,e6189,view_category,,,,s78525,2025-11-12 01:41:37,76ac43af
322.92,home,USD,e8609,purchase,p6722,,,s21947,2025-11-12 01:52:37,f4d26db4
,books,,e7740,rate_product,p3643,5,,s43543,2025-11-12 02:36:37,d65b2ee5
,home,,e4236,add_to_cart,p8721,,,s13708,2025-11-12 03:12:37,f566196f
465.16,clothing,USD,e8070,purchase,p5142,,,s36071,2025-11-12 03:45:37,f4d26db4
,clothing,,e1742,rate_product,p9774,5,,s94578,2025-11-12 04:46:37,9e27aaf4
,,,e1061,view_category,,,,s25577,2025-11-12 06:26:37,264c3be7
,,,e3451,search,,,smartphone,s24571,2025-11-12 06:32:37,fc5c123e
,books,,e8044,rate_product,p3317,4,,s42697,2025-11-12 07:11:37,2ccb0b0b
,,,e8257,review_product,,,,s19230,2025-11-12 08:17:37,ddc7d3af
,electronics,,e6168,add_to_cart,p9897,,,s95254,2025-11-12 09:07:37,f8a6edba
18.17,sports,USD,e9307,purchase,p8827,,,s43104,2025-11-12 10:21:37,f8a6edba
109.18,clothing,USD,e6547,purchase,p6197,,,s85284,2025-11-12 10:25:37,e560674c
,books,,e5492,view_product,p4003,,,s96111,2025-11-12 10:54:37,381bddc5
,electronics,,e2645,rate_product,p3577,5,,s94965,2025-11-12 11:21:37,f7a53b17
,books,,e8854,share_product,p4725,,,s28915,2025-11-12 12:07:37,8a79bc74
,,,e8384,login,,,,s31975,2025-11-12 14:57:37,b3882a24
,electronics,,e1841,add_to_cart,p2963,,,s14515,2025-11-12 15:40:37,74c5acd7
,books,,e7834,view_product,p4255,,,s83699,2025-11-12 15:57:37,41923a8c
,,,e4747,search,,,laptop,s48313,2025-11-12 16:00:37,b2d8b779
,electronics,,e8918,add_to_cart,p6494,,,s28510,2025-11-12 16:09:37,f7a53b17
,,,e2323,review_product,,,,s71361,2025-11-12 16:27:37,74c5acd7
,,,e1819,logout,,,,s11618,2025-11-12 16:49:37,7a9b880e
,home,,e6899,share_product,p1878,,,s35442,2025-11-12 18:26:37,49b1e9e2
,,,e5960,login,,,,s13599,2025-11-12 18:32:37,4a4c76e0
,,,e3681,search,,,backpack,s66833,2025-11-12 18:54:37,a926c3c4
,electronics,,e1424,share_product,p3333,,,s13951,2025-11-12 19:26:37,4d7b0f00
73.94,home,USD,e5477,purchase,p5639,,,s78611,2025-11-12 19:44:37,ae3ed5f7
,,,e9551,view_category,,,,s92317,2025-11-12 19:52:37,5c4750e0
,electronics,,e5504,view_product,p8627,,,s60078,2025-11-12 20:00:37,bf7f85f6
,,,e7881,search,,,coffee maker,s33580,2025-11-12 20:04:37,27acd0d0
,,,e1165,view_category,,,,s34296,2025-11-12 21:05:37,8807cb64
,home,,e1720,rate_product,p1458,3,,s47222,2025-11-12 23:33:37,74c5acd7
,sports,,e9820,share_product,p8924,,,s21669,2025-11-13 01:20:37,264c3be7
,books,,e7692,view_product,p7649,,,s38606,2025-11-13 01:38:37,2ccb0b0b
,sports,,e7194,rate_product,p4154,1,,s61222,2025-11-13 02:09:37,7ee3d67d
,,,e4916,logout,,,,s91914,2025-11-13 02:16:37,fc5c123e
,,,e7511,search,,,coffee maker,s63149,2025-11-13 04:23:37,e1081140
,clothing,,e6409,share_product,p9195,,,s70905,2025-11-13 04:27:37,ed876208
,sports,,e8876,share_product,p5086,,,s31525,2025-11-13 04:33:37,c4fb653f
,sports,,e7518,share_product,p1548,,,s38489,2025-11-13 05:47:37,1f225399
,,,e5915,logout,,,,s77212,2025-11-13 06:26:37,ed826bea
,home,,e2762,view_product,p5899,,,s82607,2025-11-13 06:32:37,3623a01d
,clothing,,e2927,rate_product,p4387,5,,s43215,2025-11-13 06:50:37,9e27aaf4
,,,e4135,view_category,,,,s47248,2025-11-13 06:57:37,41923a8c
,sports,,e7248,share_product,p5546,,,s29408,2025-11-13 07:10:37,dcdc9b91
,,,e9400,review_product,,,,s71383,2025-11-13 08:28:37,9e27aaf4
,books,,e7870,add_to_cart,p6211,,,s56695,2025-11-13 09:05:37,04d2a560
,,,e8257,review_product,,,,s47458,2025-11-13 09:39:37,919842b5
,,,e3837,search,,,running shoes,s76674,2025-11-13 10:28:37,6e384126
121.48,clothing,USD,e2372,purchase,p4949,,,s47218,2025-11-13 11:03:37,264c3be7
,,,e5287,login,,,,s40407,2025-11-13 11:26:37,3da4210b
,home,,e6342,rate_product,p8243,3,,s48134,2025-11-13 12:42:37,a5e05bdc
,,,e4852,view_category,,,,s94086,2025-11-13 13:51:37,abe3a934
,sports,,e7993,rate_product,p8425,3,,s76248,2025-11-13 14:15:37,08da1baa
,electronics,,e9947,rate_product,p5876,5,,s11742,2025-11-13 14:39:37,3da4210b
,,,e3113,search,,,yoga mat,s95746,2025-11-13 14:41:37,efe96b4d
,clothing,,e5335,add_to_cart,p2344,,,s84330,2025-11-13 14:59:37,49b1e9e2
,electronics,,e3486,add_to_cart,p8860,,,s12051,2025-11-13 15:17:37,f7a53b17
,,,e9433,review_product,,,,s30926,2025-11-13 18:23:37,85988848
,,,e1786,logout,,,,s17727,2025-11-13 18:47:37,4a4c76e0
,home,,e4248,rate_product,p7563,4,,s90122,2025-11-13 18:48:37,054be57a
357.87,home,USD,e8217,purchase,p7171,,,s96246,2025-11-13 19:21:37,7a9b880e
,home,,e1555,rate_product,p4581,5,,s64327,2025-11-13 19:22:37,abe3a934
,,,e9041,search,,,backpack,s99709,2025-11-13 19:30:37,fc5c123e
,clothing,,e8759,add_to_cart,p8820,,,s35528,2025-11-13 20:00:37,03a08ae6
,,,e2837,review_product,,,,s55772,2025-11-13 20:09:37,da4c5737
,sports,,e3123,share_product,p9579,,,s30900,2025-11-13 20:32:37,53da311d
,home,,e9728,share_product,p1687,,,s17868,2025-11-13 22:38:37,74c5acd7
,electronics,,e8834,rate_product,p4224,2,,s41273,2025-11-13 22:46:37,033e25b4
,home,,e4635,rate_product,p5889,5,,s97715,2025-11-14 00:20:37,2c9c8520
,,,e5676,review_product,,,,s78056,2025-11-14 00:55:37,41923a8c
,,,e6099,logout,,,,s92408,2025-11-14 00:56:37,abe3a934
,,,e3160,login,,,,s32100,2025-11-14 01:09:37,64db58e3
,home,,e2916,add_to_cart,p6909,,,s82597,2025-11-14 02:26:37,1f225399
133.02,home,USD,e9416,purchase,p7358,,,s93420,2025-11-14 02:45:37,a1c5e8ef
,home,,e4044,view_product,p8156,,,s87954,2025-11-14 04:05:37,e1081140
,,,e7279,search,,,coffee maker,s91482,2025-11-14 04:14:37,2ccb0b0b
,,,e3940,login,,,,s90346,2025-11-14 04:21:37,1bb953bd
,,,e2297,view_category,,,,s24637,2025-11-14 05:30:37,f0077ed4
,books,,e3729,add_to_cart,p9367,,,s61950,2025-11-14 05:52:37,efe96b4d
,electronics,,e4592,share_product,p2626,,,s21302,2025-11-14 06:18:37,8807cb64
,,,e3666,logout,,,,s51462,2025-11-14 06:18:37,e560674c
254.96,sports,USD,e4282,purchase,p2196,,,s66172,2025-11-14 07:30:37,336e40c1
,books,,e4613,rate_product,p1492,1,,s32042,2025-11-14 07:33:37,919842b5
,,,e7802,view_category,,,,s28982,2025-11-14 08:47:37,1799d8c9
,,,e4201,search,,,python book,s47446,2025-11-14 10:00:37,ae3ed5f7
,clothing,,e4706,rate_product,p4518,5,,s86838,2025-11-14 11:18:37,96f41479
,,,e7357,logout,,,,s82296,2025-11-14 12:07:37,64e5a854
,,,e7067,login,,,,s11290,2025-11-14 12:38:37,64db58e3
,,,e3697,login,,,,s58656,2025-11-14 12:49:37,b1c83115
,,,e7903,search,,,yoga mat,s49551,2025-11-14 12:55:37,b0c7aa85
,,,e8730,login,,,,s13280,2025-11-14 13:04:37,a5e05bdc
,sports,,e9147,add_to_cart,p6565,,,s13889,2025-11-14 13:52:37,41ec28c5
,books,,e6359,view_product,p9889,,,s88089,2025-11-14 13:59:37,a926c3c4
,electronics,,e8542,add_to_cart,p5395,,,s86232,2025-11-14 16:18:37,2ccb0b0b
,,,e1587,review_product,,,,s71247,2025-11-14 18:56:37,dd237820
50.57,electronics,USD,e2690,purchase,p2130,,,s87293,2025-11-14 19:18:37,f8a6edba
,,,e1088,review_product,,,,s86344,2025-11-14 23:02:37,2608cd74
201.56,clothing,USD,e5731,purchase,p8045,,,s72240,2025-11-15 00:16:37,abeb5b1d
,clothing,,e6019,add_to_cart,p6280,,,s86314,2025-11-15 01:00:37,9f45bb53
,,,e3882,logout,,,,s82045,2025-11-15 01:00:37,1f225399
195.79,books,USD,e3253,purchase,p4464,,,s26242,2025-11-15 01:08:37,5c4750e0
,,,e6039,search,,,running shoes,s85665,2025-11-15 02:17:37,41923a8c
,,,e3992,logout,,,,s55055,2025-11-15 02:30:37,381bddc5
,,,e8314,review_product,,,,s37115,2025-11-15 04:14:37,8a79bc74
,electronics,,e8591,rate_product,p6390,4,,s23438,2025-11-15 05:14:37,c615b2bc
,,,e1860,review_product,,,,s95230,2025-11-15 05:39:37,64e5a854
,,,e5053,search,,,yoga mat,s24730,2025-11-15 05:53:37,1799d8c9
,,,e2788,login,,,,s47065,2025-11-15 07:00:37,033e25b4
,,,e1963,login,,,,s64878,2025-11-15 07:13:37,08da1baa
43.37,sports,USD,e7726,purchase,p8612,,,s80325,2025-11-15 07:53:37,3623a01d
,,,e3343,review_product,,,,s71206,2025-11-15 08:33:37,336e40c1
,electronics,,e7600,add_to_cart,p1311,,,s96242,2025-11-15 09:03:37,c588ab05
,,,e8042,review_product,,,,s61784,2025-11-15 09:16:37,f8455c7d
,books,,e6400,view_product,p2513,,,s28575,2025-11-15 09:55:37,9266e47d
,,,e5057,login,,,,s71415,2025-11-15 13:29:37,b867a869
,home,,e6252,share_product,p5504,,,s53283,2025-11-15 16:32:37,ed876208
,electronics,,e7122,share_product,p6583,,,s13624,2025-11-15 17:11:37,7791c97e
,electronics,,e4951,add_to_cart,p5265,,,s51708,2025-11-15 17:38:37,44189c1f
,home,,e2056,share_product,p5493,,,s39352,2025-11-15 18:19:37,7791c97e
,home,,e6839,add_to_cart,p1375,,,s58546,2025-11-15 20:14:37,64e5a854
,,,e3597,view_category,,,,s62232,2025-11-15 21:21:37,03a08ae6
,clothing,,e8690,share_product,p5545,,,s12127,2025-11-15 21:25:37,28c71bee
,,,e6358,review_product,,,,s10943,2025-11-15 21:43:37,f8a6edba
,home,,e4312,view_product,p5658,,,s56026,2025-11-15 22:05:37,ed876208
,,,e3232,search,,,smartphone,s30079,2025-11-15 22:10:37,8467e03c
,,,e9909,review_product,,,,s40299,2025-11-15 22:57:37,d96d1300
,,,e5528,logout,,,,s83668,2025-11-15 23:25:37,6e384126
,,,e5485,view_category,,,,s72661,2025-11-15 23:37:37,1bb953bd
,,,e8745,view_category,,,,s37290,2025-11-16 01:45:37,49b1e9e2
413.77,clothing,USD,e2544,purchase,p4576,,,s39479,2025-11-16 02:36:37,7a9b880e
,electronics,,e8287,add_to_cart,p7107,,,s80822,2025-11-16 02:45:37,55be162d
,home,,e8946,view_product,p2253,,,s37502,2025-11-16 02:55:37,8a79bc74
,electronics,,e1512,rate_product,p5094,3,,s16227,2025-11-16 03:14:37,44189c1f
,,,e2479,logout,,,,s85581,2025-11-16 03:53:37,cee84f6e
,,,e3140,logout,,,,s51670,2025-11-16 04:30:37,53da311d
,home,,e1071,view_product,p5167,,,s47255,2025-11-16 04:54:37,264c3be7
,electronics,,e3369,view_product,p4423,,,s93377,2025-11-16 05:31:37,5c4750e0
,electronics,,e9313,share_product,p3791,,,s42522,2025-11-16 05:49:37,a926c3c4
247.53,books,USD,e3770,purchase,p2149,,,s90466,2025-11-16 06:09:37,4d7b0f00
,clothing,,e8178,share_product,p8730,,,s32478,2025-11-16 07:06:37,8807cb64
,sports,,e9366,add_to_cart,p3485,,,s75715,2025-11-16 07:21:37,1799d8c9
,,,e7691,view_category,,,,s52196,2025-11-16 07:23:37,ad441408
,home,,e4590,share_product,p5932,,,s12709,2025-11-16 07:25:37,4a4c76e0
,,,e6354,view_category,,,,s72782,2025-11-16 08:23:37,264c3be7
,clothing,,e7577,add_to_cart,p6538,,,s68897,2025-11-16 09:16:37,f00c6967
,,,e3694,logout,,,,s73223,2025-11-16 09:56:37,f566196f
,sports,,e6864,add_to_cart,p2038,,,s62358,2025-11-16 10:01:37,a5e05bdc
,,,e8902,search,,,coffee maker,s26842,2025-11-16 10:51:37,433d840b
,sports,,e4761,share_product,p4469,,,s92923,2025-11-16 11:36:37,c4fb653f
,sports,,e6527,rate_product,p1283,1,,s62232,2025-11-16 13:16:37,dcdc9b91
,books,,e1503,rate_product,p8933,3,,s46121,2025-11-16 13:28:37,90e96910
,,,e5841,view_category,,,,s30810,2025-11-16 13:29:37,dd68ce00
,,,e8044,login,,,,s77681,2025-11-16 14:17:37,3da4210b
,home,,e4218,rate_product,p9514,1,,s68107,2025-11-16 16:02:37,fde3a54c
,,,e6738,view_category,,,,s69447,2025-11-16 16:28:37,1799d8c9
,home,,e6287,add_to_cart,p3777,,,s20963,2025-11-16 17:14:37,44189c1f
,home,,e8889,view_product,p7958,,,s38934,2025-11-16 17:16:37,85988848
,books,,e4381,add_to_cart,p8040,,,s28767,2025-11-16 17:25:37,dcdc9b91
,books,,e7332,view_product,p9807,,,s82681,2025-11-16 17:37:37,3da4210b
,,,e5945,review_product,,,,s26565,2025-11-16 17:48:37,6e384126
,electronics,,e3171,add_to_cart,p8068,,,s19764,2025-11-16 17:53:37,dcdc9b91
,clothing,,e2080,view_product,p5845,,,s79401,2025-11-16 18:06:37,03a08ae6
,clothing,,e5002,view_product,p2782,,,s27807,2025-11-16 18:56:37,c588ab05
,electronics,,e6860,share_product,p4900,,,s87385,2025-11-16 19:10:37,07fb2ad5
,sports,,e6060,view_product,p3333,,,s72046,2025-11-16 20:07:37,3da4210b
,sports,,e3251,add_to_cart,p7379,,,s87976,2025-11-16 20:32:37,85988848
,electronics,,e1369,view_product,p7620,,,s32413,2025-11-16 20:41:37,41ec28c5
,electronics,,e3579,rate_product,p2098,5,,s16204,2025-11-16 21:01:37,2608cd74
,,,e4070,login,,,,s75410,2025-11-16 22:03:37,64db58e3
,,,e1874,review_product,,,,s96488,2025-11-16 23:25:37,abeb5b1d
,sports,,e6395,rate_product,p9983,1,,s84058,2025-11-17 00:14:37,45401e9a
,,,e1852,logout,,,,s64797,2025-11-17 01:01:37,ddc7d3af
,books,,e7402,rate_product,p9432,3,,s92959,2025-11-17 01:24:37,9cd14b01
414.21,books,USD,e8753,purchase,p2971,,,s33577,2025-11-17 04:03:37,fc5c123e
,,,e6928,logout,,,,s25444,2025-11-17 07:24:37,7c128924
,,,e2639,search,,,laptop,s62416,2025-11-17 07:32:37,8807cb64
,,,e7958,search,,,python book,s73355,2025-11-17 08:56:37,03a08ae6
,clothing,,e6576,view_product,p4425,,,s98070,2025-11-17 09:28:37,ddc7d3af
,,,e5603,view_category,,,,s97917,2025-11-17 10:19:37,b1c83115
10.39,clothing,USD,e1275,purchase,p7373,,,s92591,2025-11-17 10:30:37,85988848
,clothing,,e5182,share_product,p5228,,,s40148,2025-11-17 11:36:37,ddc7d3af
,home,,e5589,share_product,p6293,,,s69708,2025-11-17 12:45:37,d4e2287e
,,,e7345,search,,,laptop,s53100,2025-11-17 12:56:37,42b93336
,sports,,e5215,rate_product,p1997,4,,s79969,2025-11-17 13:14:37,f7a53b17
,home,,e8640,rate_product,p8702,2,,s27071,2025-11-17 14:28:37,55be162d
,,,e8246,review_product,,,,s10280,2025-11-17 14:49:37,ad441408
,home,,e4476,rate_product,p3749,3,,s52102,2025-11-17 16:41:37,cee84f6e
,clothing,,e4956,rate_product,p2065,5,,s59650,2025-11-17 18:23:37,9e27aaf4
,,,e2217,login,,,,s74042,2025-11-17 18:26:37,f7a53b17
,,,e1055,logout,,,,s42095,2025-11-17 19:13:37,76ac43af
40.23,electronics,USD,e6794,purchase,p8487,,,s59900,2025-11-17 19:34:37,f0077ed4
,,,e5354,review_product,,,,s35048,2025-11-17 19:53:37,bf7f85f6
,,,e3777,review_product,,,,s17737,2025-11-17 20:21:37,7a2442af
,,,e6755,view_category,,,,s73417,2025-11-17 20:29:37,53da311d
,clothing,,e9792,rate_product,p3274,2,,s31667,2025-11-17 20:38:37,85988848
,,,e4667,review_product,,,,s97793,2025-11-17 21:57:37,2ccb0b0b
,,,e1543,logout,,,,s40780,2025-11-17 23:10:37,42b93336
,sports,,e3056,view_product,p6550,,,s75036,2025-11-18 00:14:37,9f45bb53
,clothing,,e9672,rate_product,p7736,4,,s23560,2025-11-18 02:41:37,054be57a
,home,,e4330,share_product,p6078,,,s16220,2025-11-18 02:48:37,08da1baa
,,,e2209,logout,,,,s39315,2025-11-18 03:20:37,dd68ce00
,,,e6556,search,,,laptop,s98422,2025-11-18 04:03:37,f0077ed4
,,,e3095,search,,,python book,s24536,2025-11-18 04:13:37,c4fb653f
340.61,sports,USD,e5331,purchase,p2829,,,s13998,2025-11-18 04:34:37,96f41479
,clothing,,e6761,share_product,p5993,,,s12782,2025-11-18 04:50:37,4735604e
,,,e6078,login,,,,s32426,2025-11-18 05:17:37,b3882a24
,,,e1878,search,,,yoga mat,s33270,2025-11-18 05:17:37,27acd0d0
482.85,home,USD,e5846,purchase,p7055,,,s92709,2025-11-18 05:43:37,fc5c123e
,home,,e2444,share_product,p8564,,,s45151,2025-11-18 06:31:37,ae3ed5f7
,,,e4561,login,,,,s42184,2025-11-18 06:51:37,a926c3c4
,,,e8165,login,,,,s12749,2025-11-18 06:57:37,8467e03c
,,,e3845,view_category,,,,s18724,2025-11-18 08:49:37,44189c1f
227.34,electronics,USD,e3848,purchase,p2461,,,s59735,2025-11-18 09:27:37,c615b2bc
,electronics,,e7444,rate_product,p5535,4,,s56738,2025-11-18 10:30:37,39fe934c
,home,,e4259,rate_product,p8604,3,,s32614,2025-11-18 11:25:37,42b93336
,sports,,e3259,view_product,p3677,,,s82683,2025-11-18 14:41:37,1733bfd1
,,,e4228,login,,,,s40056,2025-11-18 14:46:37,f00c6967
,,,e4349,review_product,,,,s43048,2025-11-18 15:41:37,41923a8c
,,,e5310,login,,,,s43676,2025-11-18 15:48:37,433d840b
336.33,electronics,USD,e4734,purchase,p2143,,,s22476,2025-11-18 15:52:37,b867a869
104.61,books,USD,e6450,purchase,p1820,,,s67137,2025-11-18 17:07:37,c615b2bc
,books,,e6255,rate_product,p2060,1,,s40386,2025-11-18 17:43:37,2ccb0b0b
,,,e7230,review_product,,,,s83126,2025-11-18 17:44:37,433d840b
,,,e3687,view_category,,,,s95704,2025-11-18 19:12:37,ea975cad
,sports,,e8783,add_to_cart,p7431,,,s85526,2025-11-18 20:30:37,41923a8c
,,,e3859,view_category,,,,s70185,2025-11-18 20:31:37,cee84f6e
46.14,books,USD,e7079,purchase,p6650,,,s45945,2025-11-18 22:40:37,4a4c76e0
,,,e9154,logout,,,,s85837,2025-11-19 00:13:37,07fb2ad5
,home,,e8753,add_to_cart,p1034,,,s16619,2025-11-19 00:14:37,bf7f85f6
,home,,e8346,add_to_cart,p6811,,,s91625,2025-11-19 01:53:37,abe3a934
,,,e4799,search,,,coffee maker,s62654,2025-11-19 02:39:37,1cd8dedd
,,,e5263,review_product,,,,s81354,2025-11-19 02:55:37,033e25b4
,,,e9122,login,,,,s19205,2025-11-19 03:40:37,ed826bea
,,,e4623,logout,,,,s45437,2025-11-19 05:23:37,f4d26db4
,electronics,,e1616,view_product,p4255,,,s49241,2025-11-19 05:56:37,dcdc9b91
,,,e2723,search,,,python book,s34546,2025-11-19 06:05:37,8a79bc74
,,,e4968,logout,,,,s67661,2025-11-19 06:07:37,85988848
,,,e5763,logout,,,,s79972,2025-11-19 06:26:37,033e25b4
,home,,e3166,view_product,p5485,,,s69226,2025-11-19 07:06:37,c588ab05
,,,e6020,view_category,,,,s40712,2025-11-19 07:11:37,4735604e
,,,e8292,review_product,,,,s37521,2025-11-19 07:48:37,2c9c8520
,books,,e5449,share_product,p3698,,,s90325,2025-11-19 08:54:37,2608cd74
340.68,clothing,USD,e7906,purchase,p6623,,,s32275,2025-11-19 09:03:37,1f225399
434.36,home,USD,e2282,purchase,p7016,,,s57684,2025-11-19 10:12:37,2ccb0b0b
,,,e1596,view_category,,,,s67139,2025-11-19 10:19:37,7ee3d67d
38.14,home,USD,e8857,purchase,p1928,,,s78354,2025-11-19 11:33:37,41ec28c5
,,,e9623,login,,,,s27771,2025-11-19 11:49:37,a926c3c4
,,,e1512,review_product,,,,s53173,2025-11-19 11:51:37,1cd8dedd
,clothing,,e3504,view_product,p4434,,,s88490,2025-11-19 12:39:37,d65b2ee5
,,,e8485,view_category,,,,s53056,2025-11-19 13:44:37,6e384126
,,,e9589,logout,,,,s19440,2025-11-19 14:03:37,64db58e3
,,,e7489,view_category,,,,s82791,2025-11-19 15:23:37,ed826bea
,clothing,,e4117,add_to_cart,p8297,,,s86417,2025-11-19 18:38:37,ea975cad
,electronics,,e6450,share_product,p8733,,,s69404,2025-11-19 18:44:37,08da1baa
,,,e7830,view_category,,,,s63209,2025-11-19 19:17:37,45401e9a
293.13,sports,USD,e5117,purchase,p3395,,,s19264,2025-11-19 19:17:37,3623a01d
,electronics,,e9834,add_to_cart,p1141,,,s85745,2025-11-19 20:30:37,76ac43af
,books,,e2592,rate_product,p5007,2,,s86637,2025-11-19 21:17:37,64e5a854
,electronics,,e1844,rate_product,p6146,4,,s40963,2025-11-19 22:15:37,c615b2bc
126.31,sports,USD,e4272,purchase,p1236,,,s49366,2025-11-19 22:27:37,f566196f
,home,,e2136,add_to_cart,p5715,,,s98781,2025-11-19 22:28:37,033e25b4
,,,e7796,review_product,,,,s48384,2025-11-19 22:48:37,28c71bee
,clothing,,e1204,rate_product,p5105,5,,s82073,2025-11-19 23:47:37,03a08ae6
,books,,e3206,rate_product,p3429,4,,s54492,2025-11-20 01:02:37,28c71bee
,,,e3023,review_product,,,,s60710,2025-11-20 02:50:37,42b93336
129.2,sports,USD,e9316,purchase,p5511,,,s97753,2025-11-20 03:18:37,1cd8dedd
,books,,e6190,rate_product,p9876,5,,s50177,2025-11-20 04:33:37,1bb953bd
,,,e2924,search,,,wireless headphones,s49248,2025-11-20 04:53:37,41ec28c5
,,,e1245,search,,,coffee maker,s67332,2025-11-20 05:16:37,7c128924
,home,,e3750,add_to_cart,p2625,,,s17197,2025-11-20 05:20:37,3623a01d
,electronics,,e7211,rate_product,p7507,2,,s67872,2025-11-20 07:06:37,b3882a24
,home,,e2428,share_product,p8512,,,s31346,2025-11-20 08:38:37,41ec28c5
,,,e1625,logout,,,,s24080,2025-11-20 09:57:37,433d840b
,home,,e5325,share_product,p4454,,,s92944,2025-11-20 10:16:37,7791c97e
,clothing,,e7693,rate_product,p6587,4,,s57799,2025-11-20 12:02:37,a926c3c4
,,,e3310,view_category,,,,s64234,2025-11-20 12:34:37,dd237820
20.42,electronics,USD,e6696,purchase,p9444,,,s30614,2025-11-20 13:10:37,fde3a54c
,books,,e2004,share_product,p2337,,,s81712,2025-11-20 13:34:37,9f45bb53
,,,e1414,review_product,,,,s73648,2025-11-20 13:41:37,9cd14b01
,clothing,,e8726,add_to_cart,p6757,,,s15592,2025-11-20 14:26:37,f4d26db4
,home,,e2369,share_product,p8287,,,s78670,2025-11-20 14:34:37,fc5c123e
,,,e9069,review_product,,,,s61417,2025-11-20 14:56:37,3da4210b
,,,e3111,search,,,laptop,s42727,2025-11-20 16:30:37,fde3a54c
,,,e4853,search,,,coffee maker,s69619,2025-11-20 17:09:37,264c3be7
,sports,,e9757,view_product,p7425,,,s25328,2025-11-20 17:28:37,f0077ed4
,,,e2485,search,,,backpack,s74994,2025-11-20 17:53:37,f8455c7d
,books,,e5909,add_to_cart,p3175,,,s35942,2025-11-20 18:03:37,054be57a
,home,,e7482,view_product,p1161,,,s47530,2025-11-20 18:45:37,c615b2bc
,,,e7738,login,,,,s64535,2025-11-20 20:18:37,7a9b880e
,sports,,e4072,add_to_cart,p1253,,,s32852,2025-11-20 20:54:37,abe3a934
,,,e5875,logout,,,,s10258,2025-11-20 21:35:37,dd68ce00
,home,,e8683,add_to_cart,p9463,,,s42129,2025-11-20 21:58:37,7791c97e
,clothing,,e2725,view_product,p5416,,,s43408,2025-11-20 23:08:37,9cd14b01
,,,e7875,search,,,smartphone,s91957,2025-11-20 23:24:37,a926c3c4
,,,e5506,review_product,,,,s59286,2025-11-20 23:26:37,27acd0d0
,,,e6282,search,,,python book,s49529,2025-11-21 00:04:37,7c128924
,,,e8255,view_category,,,,s17344,2025-11-21 01:05:37,ae3ed5f7
,,,e2046,login,,,,s48104,2025-11-21 01:10:37,dcdc9b91
,,,e5825,search,,,coffee maker,s88522,2025-11-21 01:53:37,336e40c1
277.36,electronics,USD,e6912,purchase,p8946,,,s75808,2025-11-21 02:08:37,2c9c8520
,,,e1270,login,,,,s12101,2025-11-21 02:56:37,08da1baa
,,,e2596,login,,,,s21602,2025-11-21 03:08:37,64db58e3
,clothing,,e7650,rate_product,p5897,1,,s70707,2025-11-21 03:13:37,054be57a
,sports,,e3203,add_to_cart,p7225,,,s28809,2025-11-21 03:47:37,a926c3c4
,,,e9882,view_category,,,,s28115,2025-11-21 04:38:37,b0c7aa85
,clothing,,e9286,rate_product,p1445,4,,s97075,2025-11-21 05:08:37,b3882a24
,,,e6144,login,,,,s84340,2025-11-21 08:45:37,07fb2ad5
,home,,e5252,view_product,p5456,,,s59999,2025-11-21 10:00:37,cee84f6e
,,,e5080,review_product,,,,s83069,2025-11-21 10:40:37,433d840b
,,,e6408,search,,,smartphone,s36541,2025-11-21 10:59:37,b2d8b779
,,,e6378,review_product,,,,s24578,2025-11-21 11:22:37,4c10f9e9
,clothing,,e8439,view_product,p2931,,,s79534,2025-11-21 12:03:37,9f45bb53
381.93,home,USD,e5166,purchase,p3366,,,s40503,2025-11-21 12:27:37,3da4210b
256.42,home,USD,e9135,purchase,p7419,,,s84918,2025-11-21 12:39:37,27acd0d0
,,,e2603,logout,,,,s59815,2025-11-21 12:52:37,64e5a854
,,,e9721,review_product,,,,s93916,2025-11-21 16:15:37,90e96910
,,,e5753,search,,,python book,s90243,2025-11-21 16:20:37,f0077ed4
,,,e3058,view_category,,,,s44553,2025-11-21 16:39:37,2ccb0b0b
202.93,clothing,USD,e3358,purchase,p9981,,,s53511,2025-11-21 17:19:37,fc5c123e
,,,e1989,view_category,,,,s38640,2025-11-21 17:26:37,5c028660
,,,e6260,review_product,,,,s63975,2025-11-21 18:26:37,45401e9a
,,,e5087,logout,,,,s81010,2025-11-21 18:51:37,efe96b4d
,home,,e3329,view_product,p9901,,,s40739,2025-11-21 19:50:37,224a8f74
,,,e8932,search,,,wireless headphones,s20659,2025-11-21 20:23:37,f8a6edba
,,,e5738,search,,,smartphone,s58343,2025-11-21 20:23:37,1f225399
,books,,e9145,add_to_cart,p1460,,,s78482,2025-11-21 22:19:37,7791c97e
,,,e2002,view_category,,,,s29066,2025-11-21 23:40:37,8467e03c
,,,e3503,login,,,,s25638,2025-11-22 00:04:37,f0077ed4
,,,e1121,view_category,,,,s30340,2025-11-22 00:16:37,2c9c8520
,home,,e9500,share_product,p9648,,,s95781,2025-11-22 01:12:37,4a4c76e0
,,,e9937,view_category,,,,s43599,2025-11-22 02:28:37,2608cd74
120.66,electronics,USD,e8633,purchase,p8324,,,s92514,2025-11-22 02:34:37,4d7b0f00
143.01,electronics,USD,e8896,purchase,p7205,,,s80365,2025-11-22 03:15:37,8467e03c
,,,e9232,login,,,,s88090,2025-11-22 03:47:37,41923a8c
,electronics,,e9861,view_product,p3057,,,s87529,2025-11-22 05:39:37,41ec28c5
,,,e1836,login,,,,s18123,2025-11-22 06:06:37,49b1e9e2
,,,e6343,login,,,,s61176,2025-11-22 06:49:37,d65b2ee5
,,,e4310,review_product,,,,s94561,2025-11-22 07:18:37,e1081140
37.89,sports,USD,e8107,purchase,p6393,,,s74752,2025-11-22 07:45:37,224a8f74
,clothing,,e3086,rate_product,p8465,2,,s95608,2025-11-22 08:14:37,fc5c123e
,,,e6484,logout,,,,s58603,2025-11-22 09:11:37,cee84f6e
,,,e6381,search,,,coffee maker,s60124,2025-11-22 09:47:37,f00c6967
,,,e4492,view_category,,,,s61285,2025-11-22 14:19:37,42b93336
,clothing,,e2088,rate_product,p9697,1,,s13056,2025-11-22 14:30:37,4a4c76e0
,home,,e9347,rate_product,p9411,5,,s82703,2025-11-22 14:37:37,e1081140
,,,e1852,search,,,coffee maker,s89193,2025-11-22 15:45:37,a5e05bdc
68.47,books,USD,e2114,purchase,p9376,,,s86370,2025-11-22 16:49:37,d4e2287e
,,,e4801,login,,,,s15225,2025-11-22 18:09:37,f0077ed4
,books,,e3586,share_product,p9850,,,s85692,2025-11-22 18:49:37,033e25b4
,electronics,,e4916,rate_product,p8646,5,,s71266,2025-11-22 18:56:37,dd237820
,clothing,,e5000,add_to_cart,p2750,,,s59557,2025-11-22 20:24:37,1799d8c9
,,,e7286,view_category,,,,s67659,2025-11-22 20:54:37,919842b5
279.77,books,USD,e2126,purchase,p4799,,,s69928,2025-11-22 20:58:37,8a79bc74
,electronics,,e4768,share_product,p4086,,,s75527,2025-11-22 21:32:37,433d840b
,electronics,,e8103,rate_product,p1692,4,,s59883,2025-11-22 21:39:37,5c028660
,,,e9910,review_product,,,,s15924,2025-11-22 23:27:37,033e25b4
,sports,,e8978,add_to_cart,p3119,,,s22848,2025-11-23 01:35:37,fde3a54c
,clothing,,e6290,rate_product,p6477,5,,s96025,2025-11-23 01:45:37,033e25b4
,sports,,e8663,view_product,p5808,,,s75257,2025-11-23 02:22:37,04d2a560
,,,e9844,logout,,,,s87520,2025-11-23 04:06:37,ed826bea
,electronics,,e5530,share_product,p4431,,,s81620,2025-11-23 04:10:37,b1c83115
435.16,books,USD,e9492,purchase,p7873,,,s39329,2025-11-23 04:43:37,224a8f74
,clothing,,e7075,rate_product,p5700,5,,s76674,2025-11-23 06:01:37,7c128924
,home,,e6293,view_product,p2868,,,s31903,2025-11-23 08:00:37,9f45bb53
,,,e5601,search,,,running shoes,s89673,2025-11-23 08:55:37,4a4c76e0
,books,,e7556,share_product,p7017,,,s19788,2025-11-23 09:07:37,8a79bc74
,,,e9942,review_product,,,,s17214,2025-11-23 10:36:37,ae3ed5f7
,,,e9587,login,,,,s52527,2025-11-23 13:20:37,74c5acd7
,,,e6020,logout,,,,s40670,2025-11-23 14:27:37,55be162d
,,,e3184,review_product,,,,s24435,2025-11-23 14:37:37,b0c7aa85
,home,,e7211,share_product,p1128,,,s51469,2025-11-23 14:43:37,dd68ce00
,,,e9246,login,,,,s15515,2025-11-23 15:08:37,ed876208
,,,e6415,search,,,laptop,s24073,2025-11-23 16:09:37,cee84f6e
,sports,,e8299,rate_product,p7031,3,,s42945,2025-11-23 16:58:37,a1c5e8ef
,,,e3405,review_product,,,,s15627,2025-11-23 17:14:37,f566196f
,,,e2595,search,,,running shoes,s86707,2025-11-23 17:30:37,04d2a560
,,,e6067,review_product,,,,s34834,2025-11-23 17:59:37,3da4210b
,clothing,,e3914,share_product,p8904,,,s41628,2025-11-23 18:06:37,f7a53b17
,,,e9942,search,,,python book,s36936,2025-11-23 18:34:37,efe96b4d
,,,e6996,logout,,,,s90984,2025-11-23 18:52:37,054be57a
,,,e4568,logout,,,,s94112,2025-11-23 19:04:37,ea975cad
,,,e2544,search,,,coffee maker,s51591,2025-11-23 19:19:37,bf7f85f6
,electronics,,e9332,share_product,p9917,,,s96498,2025-11-23 19:32:37,3623a01d
,,,e5823,review_product,,,,s65749,2025-11-23 19:38:37,5ca4266c
347.56,home,USD,e2420,purchase,p6956,,,s77017,2025-11-23 21:10:37,7791c97e
,home,,e1270,rate_product,p5824,4,,s21953,2025-11-23 21:53:37,76ac43af
,electronics,,e9416,rate_product,p5694,4,,s21651,2025-11-23 21:54:37,07fb2ad5
461.91,sports,USD,e3951,purchase,p1040,,,s22991,2025-11-23 22:01:37,45401e9a
,,,e7010,review_product,,,,s95710,2025-11-23 22:16:37,4c10f9e9
,,,e7599,view_category,,,,s11835,2025-11-24 00:10:37,8a79bc74
,,,e7532,login,,,,s33311,2025-11-24 02:18:37,64e5a854
,,,e8782,view_category,,,,s36062,2025-11-24 02:34:37,8a79bc74
,,,e6872,logout,,,,s27884,2025-11-24 03:06:37,1733bfd1
,,,e2432,login,,,,s88310,2025-11-24 03:28:37,2ccb0b0b
216.89,home,USD,e1997,purchase,p2477,,,s65899,2025-11-24 04:37:37,f566196f
,clothing,,e1089,rate_product,p4543,4,,s78784,2025-11-24 05:18:37,9e27aaf4
,sports,,e5212,view_product,p6611,,,s22431,2025-11-24 05:37:37,224a8f74
,books,,e7533,share_product,p4713,,,s49608,2025-11-24 05:41:37,b3882a24
,clothing,,e5446,rate_product,p9877,2,,s47274,2025-11-24 06:01:37,d96d1300
,,,e2678,logout,,,,s63777,2025-11-24 06:12:37,8807cb64
,books,,e4005,add_to_cart,p7452,,,s62840,2025-11-24 06:17:37,1799d8c9
,books,,e2411,share_product,p8295,,,s79052,2025-11-24 06:19:37,dd237820
,sports,,e6993,rate_product,p6704,3,,s26761,2025-11-24 06:24:37,96f41479
,,,e4767,search,,,wireless headphones,s77267,2025-11-24 06:26:37,b2d8b779
,,,e1940,view_category,,,,s97391,2025-11-24 06:28:37,2c9c8520
,home,,e3900,rate_product,p3529,1,,s20523,2025-11-24 06:35:37,f4d26db4
,,,e2812,search,,,laptop,s69284,2025-11-24 07:22:37,55be162d
,,,e1881,search,,,coffee maker,s71520,2025-11-24 07:36:37,224a8f74
,,,e9917,review_product,,,,s19090,2025-11-24 08:21:37,033e25b4
,sports,,e6488,add_to_cart,p1271,,,s87227,2025-11-24 08:27:37,a1c5e8ef
,,,e5631,logout,,,,s70318,2025-11-24 10:44:37,39fe934c
,,,e7772,logout,,,,s65365,2025-11-24 10:59:37,381bddc5
,sports,,e5664,add_to_cart,p6918,,,s73552,2025-11-24 11:25:37,7ee3d67d
,,,e9456,login,,,,s23696,2025-11-24 11:29:37,1733bfd1
,home,,e3649,rate_product,p9745,5,,s81577,2025-11-24 12:41:37,9266e47d
,clothing,,e3757,add_to_cart,p6760,,,s16918,2025-11-24 13:49:37,336e40c1
,home,,e9074,rate_product,p1874,3,,s50604,2025-11-24 14:22:37,c4fb653f
,electronics,,e6806,add_to_cart,p6693,,,s28685,2025-11-24 14:31:37,c588ab05
,,,e4456,review_product,,,,s55822,2025-11-24 18:16:37,5ca4266c
437.38,clothing,USD,e8061,purchase,p4326,,,s77362,2025-11-24 18:19:37,336e40c1
,,,e3449,login,,,,s19791,2025-11-24 19:43:37,4735604e
,sports,,e1896,view_product,p3449,,,s48307,2025-11-24 20:58:37,dd237820
,books,,e7427,rate_product,p3922,2,,s38351,2025-11-24 22:44:37,96f41479
,,,e4857,logout,,,,s21056,2025-11-25 00:03:37,f8a6edba
,sports,,e8924,view_product,p7686,,,s64174,2025-11-25 00:54:37,c588ab05
,,,e6558,search,,,backpack,s28753,2025-11-25 02:23:37,e1081140
,clothing,,e1928,share_product,p9179,,,s33260,2025-11-25 03:11:37,04d2a560
,,,e5682,review_product,,,,s17154,2025-11-25 03:30:37,a5e05bdc
,books,,e2209,view_product,p7235,,,s18545,2025-11-25 03:33:37,224a8f74
,sports,,e5789,view_product,p7424,,,s91431,2025-11-25 07:26:37,ed826bea
11.74,electronics,USD,e3068,purchase,p9631,,,s85301,2025-11-25 07:45:37,9f45bb53
,,,e6547,search,,,wireless headphones,s32053,2025-11-25 08:02:37,7ee3d67d
,,,e8608,logout,,,,s12013,2025-11-25 08:58:37,c615b2bc
,electronics,,e2116,rate_product,p7772,1,,s80629,2025-11-25 10:11:37,08da1baa
29.34,clothing,USD,e6302,purchase,p7586,,,s21030,2025-11-25 10:11:37,8467e03c
,,,e4750,view_category,,,,s92705,2025-11-25 12:15:37,1733bfd1
,,,e4804,view_category,,,,s30584,2025-11-25 13:50:37,9e27aaf4
,clothing,,e8488,share_product,p7092,,,s68586,2025-11-25 14:54:37,1799d8c9
,books,,e4075,view_product,p3906,,,s86497,2025-11-25 16:06:37,a5e05bdc
,,,e7493,login,,,,s37344,2025-11-25 16:48:37,4c10f9e9
,,,e8164,search,,,running shoes,s39897,2025-11-25 16:52:37,1799d8c9
,home,,e7398,view_product,p6557,,,s90794,2025-11-25 17:10:37,f566196f
304.59,electronics,USD,e6981,purchase,p6121,,,s75054,2025-11-25 18:27:37,b2d8b779
424.79,sports,USD,e1703,purchase,p7578,,,s19253,2025-11-25 20:06:37,5c028660
,clothing,,e2855,add_to_cart,p2822,,,s71523,2025-11-25 20:19:37,7791c97e
,clothing,,e6706,share_product,p4973,,,s34226,2025-11-25 20:23:37,2608cd74
,books,,e9986,share_product,p6727,,,s39624,2025-11-25 20:35:37,e1081140
,sports,,e2557,view_product,p5097,,,s81940,2025-11-25 22:55:37,ae3ed5f7
,,,e8165,logout,,,,s40648,2025-11-25 23:26:37,224a8f74
,,,e2842,view_category,,,,s16155,2025-11-25 23:34:37,74c5acd7
,clothing,,e6479,share_product,p6927,,,s94256,2025-11-25 23:52:37,9e27aaf4
,,,e6550,review_product,,,,s19849,2025-11-25 23:53:37,2c9c8520
,,,e6291,login,,,,s83252,2025-11-26 00:47:37,433d840b
,sports,,e8726,rate_product,p3162,2,,s35216,2025-11-26 01:03:37,64db58e3
,,,e4852,view_category,,,,s97090,2025-11-26 02:07:37,dcdc9b91
,books,,e9045,view_product,p9527,,,s10322,2025-11-26 03:43:37,5c028660
,sports,,e9128,add_to_cart,p7521,,,s17491,2025-11-26 04:10:37,cee84f6e
,sports,,e8051,rate_product,p9577,2,,s69264,2025-11-26 04:56:37,41ec28c5
229.67,electronics,USD,e5234,purchase,p4391,,,s36491,2025-11-26 05:03:37,74c5acd7
,clothing,,e8446,rate_product,p7937,5,,s54123,2025-11-26 05:56:37,9f45bb53
,clothing,,e2067,share_product,p2345,,,s10483,2025-11-26 06:33:37,8807cb64
,electronics,,e9713,view_product,p1594,,,s87524,2025-11-26 06:38:37,41ec28c5
244.63,books,USD,e2369,purchase,p8447,,,s52691,2025-11-26 07:23:37,ed876208
,,,e6911,review_product,,,,s84539,2025-11-26 08:58:37,ddc7d3af
,sports,,e4457,view_product,p5212,,,s62502,2025-11-26 09:09:37,6e384126
,,,e4333,login,,,,s40682,2025-11-26 09:44:37,e560674c
,,,e9925,login,,,,s51833,2025-11-26 10:30:37,7791c97e
,,,e5234,review_product,,,,s71918,2025-11-26 11:01:37,f566196f
458.52,clothing,USD,e7551,purchase,p6490,,,s30534,2025-11-26 11:13:37,39fe934c
,sports,,e8461,add_to_cart,p3915,,,s14189,2025-11-26 12:27:37,919842b5
,,,e2903,search,,,backpack,s14079,2025-11-26 12:30:37,76ac43af
,,,e8199,view_category,,,,s31275,2025-11-26 12:40:37,c588ab05
,clothing,,e8961,share_product,p3826,,,s61197,2025-11-26 13:10:37,55be162d
,sports,,e6136,share_product,p3897,,,s89653,2025-11-26 13:15:37,8a79bc74
,,,e9129,search,,,coffee maker,s86696,2025-11-26 13:35:37,28c71bee
,,,e6265,view_category,,,,s44548,2025-11-26 14:17:37,64e5a854
,clothing,,e8142,view_product,p1440,,,s67923,2025-11-26 15:07:37,08da1baa
,,,e4630,login,,,,s98273,2025-11-26 15:55:37,41923a8c
,,,e8767,login,,,,s43624,2025-11-26 16:15:37,054be57a
,,,e1821,view_category,,,,s77840,2025-11-26 16:32:37,39fe934c
,,,e4987,logout,,,,s66853,2025-11-26 17:26:37,d65b2ee5
,sports,,e2418,view_product,p9187,,,s16897,2025-11-26 17:55:37,1733bfd1
,,,e5966,login,,,,s26624,2025-11-26 18:36:37,8467e03c
,books,,e1986,rate_product,p9767,4,,s16808,2025-11-26 19:33:37,4735604e
,,,e8731,login,,,,s65896,2025-11-26 21:58:37,9e27aaf4
,sports,,e1882,view_product,p3266,,,s33622,2025-11-26 22:07:37,6e384126
,,,e2967,review_product,,,,s45886,2025-11-26 23:49:37,7ee3d67d
,electronics,,e9675,view_product,p3723,,,s26174,2025-11-27 00:32:37,d4e2287e
,clothing,,e4863,rate_product,p9510,4,,s96642,2025-11-27 01:00:37,224a8f74
,,,e2793,review_product,,,,s75982,2025-11-27 01:12:37,264c3be7
,,,e5763,review_product,,,,s55345,2025-11-27 02:31:37,76ac43af
,home,,e1794,add_to_cart,p4874,,,s50016,2025-11-27 02:32:37,b3882a24
,,,e2240,logout,,,,s23201,2025-11-27 02:38:37,264c3be7
,,,e8129,login,,,,s59506,2025-11-27 03:16:37,41923a8c
,,,e6350,search,,,running shoes,s94518,2025-11-27 04:44:37,4a4c76e0
,clothing,,e7186,rate_product,p2604,4,,s73031,2025-11-27 04:47:37,abeb5b1d
,books,,e8185,rate_product,p1525,2,,s69795,2025-11-27 05:24:37,7a2442af
,,,e3184,search,,,running shoes,s64430,2025-11-27 06:59:37,7791c97e
,books,,e5299,share_product,p5062,,,s22714,2025-11-27 07:06:37,42b93336
,electronics,,e8274,share_product,p6544,,,s39035,2025-11-27 09:04:37,a926c3c4
,,,e9214,logout,,,,s58201,2025-11-27 11:11:37,55be162d
,sports,,e9549,add_to_cart,p3813,,,s30695,2025-11-27 11:23:37,e560674c
,sports,,e7086,share_product,p5613,,,s64408,2025-11-27 11:34:37,96f41479
,home,,e3657,rate_product,p6197,1,,s62039,2025-11-27 12:11:37,b3882a24
,,,e5531,search,,,smartphone,s43865,2025-11-27 12:24:37,2608cd74
,home,,e3827,view_product,p6167,,,s32158,2025-11-27 13:01:37,03a08ae6
,sports,,e8794,add_to_cart,p4457,,,s58813,2025-11-27 13:26:37,41923a8c
,books,,e7595,share_product,p9782,,,s40733,2025-11-27 13:43:37,a926c3c4
,,,e2808,view_category,,,,s99179,2025-11-27 14:18:37,f00c6967
,home,,e9885,rate_product,p1679,2,,s85002,2025-11-27 14:30:37,64db58e3
,,,e7980,review_product,,,,s97932,2025-11-27 20:17:37,fde3a54c
,,,e5945,logout,,,,s33653,2025-11-27 20:21:37,433d840b
,,,e5702,review_product,,,,s27658,2025-11-27 21:12:37,b867a869
183.24,sports,USD,e2431,purchase,p3338,,,s92865,2025-11-27 21:16:37,dd68ce00
,,,e5858,review_product,,,,s94366,2025-11-27 21:16:37,919842b5
,sports,,e7360,add_to_cart,p6510,,,s95999,2025-11-27 21:58:37,336e40c1
,,,e3027,view_category,,,,s68944,2025-11-27 23:16:37,d4e2287e
,books,,e5888,view_product,p8057,,,s30348,2025-11-27 23:20:37,41923a8c
,electronics,,e8461,add_to_cart,p9435,,,s73541,2025-11-28 00:10:37,64e5a854
,electronics,,e8104,rate_product,p4491,5,,s90009,2025-11-28 00:51:37,e560674c
,clothing,,e6193,rate_product,p2437,4,,s34092,2025-11-28 01:50:37,28c71bee
,clothing,,e8124,share_product,p4168,,,s96388,2025-11-28 02:09:37,7791c97e
,clothing,,e2311,share_product,p9685,,,s48056,2025-11-28 02:19:37,6e384126
,books,,e1502,view_product,p6709,,,s61218,2025-11-28 02:55:37,64db58e3
410.54,home,USD,e1299,purchase,p7057,,,s66623,2025-11-28 04:58:37,dcdc9b91
,,,e1522,view_category,,,,s35982,2025-11-28 05:56:37,ea975cad
,clothing,,e2153,share_product,p7831,,,s68969,2025-11-28 07:04:37,41923a8c
,,,e4044,search,,,smartphone,s92478,2025-11-28 07:10:37,03a08ae6
,home,,e5184,rate_product,p2763,3,,s80966,2025-11-28 07:19:37,f7a53b17
,electronics,,e4804,rate_product,p9846,3,,s51600,2025-11-28 07:31:37,054be57a
,sports,,e7851,share_product,p3546,,,s82435,2025-11-28 12:07:37,27acd0d0
,,,e4117,search,,,backpack,s92565,2025-11-28 12:07:37,433d840b
,electronics,,e6067,share_product,p3001,,,s37270,2025-11-28 12:24:37,28c71bee
,,,e2572,view_category,,,,s71109,2025-11-28 12:40:37,4c10f9e9
,sports,,e6118,view_product,p7532,,,s21355,2025-11-28 12:55:37,3da4210b
,clothing,,e7422,share_product,p6112,,,s46608,2025-11-28 13:25:37,42b93336
,,,e7160,view_category,,,,s59248,2025-11-28 13:38:37,3623a01d
,,,e6589,logout,,,,s74538,2025-11-28 13:44:37,55be162d
,electronics,,e7053,rate_product,p2266,2,,s30409,2025-11-28 14:01:37,49b1e9e2
,,,e5682,review_product,,,,s89398,2025-11-28 14:08:37,6e384126
,,,e6625,view_category,,,,s88002,2025-11-28 14:12:37,8807cb64
,,,e6725,search,,,smartphone,s53519,2025-11-28 15:36:37,7c128924
,sports,,e4631,view_product,p7999,,,s25191,2025-11-28 16:07:37,41923a8c
,,,e8412,logout,,,,s11178,2025-11-28 16:08:37,2ccb0b0b
,,,e7779,search,,,python book,s18003,2025-11-28 16:49:37,a926c3c4
13.92,electronics,USD,e5273,purchase,p6631,,,s62309,2025-11-28 17:22:37,f566196f
,home,,e4793,add_to_cart,p5050,,,s63544,2025-11-28 17:44:37,dd237820
,,,e6371,view_category,,,,s87838,2025-11-28 19:19:37,6e384126
496.18,home,USD,e3557,purchase,p3925,,,s90674,2025-11-28 19:42:37,054be57a
,,,e1921,search,,,coffee maker,s69593,2025-11-28 20:15:37,5ca4266c
,,,e5483,logout,,,,s26486,2025-11-28 21:42:37,7a2442af
,home,,e4659,rate_product,p5982,5,,s89006,2025-11-29 00:41:37,27acd0d0
90.53,books,USD,e5892,purchase,p1484,,,s96618,2025-11-29 01:44:37,7c128924
,clothing,,e8421,rate_product,p8376,5,,s48186,2025-11-29 02:33:37,c588ab05
,,,e8210,search,,,coffee maker,s64180,2025-11-29 03:32:37,d96d1300
106.0,home,USD,e1406,purchase,p8410,,,s85984,2025-11-29 04:07:37,7a9b880e
,,,e5715,view_category,,,,s31177,2025-11-29 04:30:37,8a79bc74
,,,e4897,review_product,,,,s54165,2025-11-29 05:12:37,74c5acd7
,clothing,,e5081,view_product,p2493,,,s97181,2025-11-29 05:21:37,8a79bc74
,,,e2933,view_category,,,,s39162,2025-11-29 06:50:37,fc5c123e
,,,e4305,view_category,,,,s26224,2025-11-29 07:56:37,f00c6967
92.73,books,USD,e9142,purchase,p2298,,,s61138,2025-11-29 08:18:37,b867a869
,clothing,,e7062,share_product,p3487,,,s61128,2025-11-29 08:36:37,3da4210b
,books,,e2918,rate_product,p6352,4,,s13930,2025-11-29 09:04:37,7a9b880e
,sports,,e5505,share_product,p7338,,,s20050,2025-11-29 09:07:37,96f41479
,,,e7631,search,,,backpack,s42209,2025-11-29 10:37:37,07fb2ad5
,,,e2966,search,,,yoga mat,s63872,2025-11-29 12:25:37,41923a8c
,home,,e5276,share_product,p6745,,,s80829,2025-11-29 12:38:37,6e384126
,,,e7068,search,,,coffee maker,s55344,2025-11-29 14:07:37,5c028660
,,,e1358,logout,,,,s13827,2025-11-29 14:45:37,74c5acd7
,clothing,,e3964,rate_product,p4847,3,,s97255,2025-11-29 15:19:37,9cd14b01
,books,,e5131,view_product,p6222,,,s87530,2025-11-29 16:04:37,7a9b880e
,,,e2488,review_product,,,,s47516,2025-11-29 16:06:37,033e25b4
,,,e6839,logout,,,,s93182,2025-11-29 16:16:37,efe96b4d
,,,e2864,login,,,,s98473,2025-11-29 16:44:37,28c71bee
,,,e8696,logout,,,,s96727,2025-11-29 18:17:37,1bb953bd
335.96,electronics,USD,e6384,purchase,p3734,,,s44188,2025-11-29 21:01:37,c4fb653f
,home,,e9465,add_to_cart,p4796,,,s84714,2025-11-29 22:35:37,5ca4266c
,books,,e1228,share_product,p4523,,,s85145,2025-11-29 23:35:37,44189c1f
,,,e4708,search,,,backpack,s98998,2025-11-30 00:37:37,ed876208
,home,,e6383,share_product,p7871,,,s90275,2025-11-30 02:11:37,4a4c76e0
,sports,,e7224,add_to_cart,p9457,,,s81571,2025-11-30 03:15:37,b1c83115
,electronics,,e4368,share_product,p8827,,,s86707,2025-11-30 05:13:37,74c5acd7
,clothing,,e4545,rate_product,p3110,1,,s62486,2025-11-30 05:56:37,28c71bee
,,,e9661,review_product,,,,s35320,2025-11-30 06:04:37,433d840b
,,,e9497,login,,,,s61961,2025-11-30 06:47:37,8a79bc74
,,,e1838,view_category,,,,s84736,2025-11-30 06:56:37,9266e47d
,,,e7997,login,,,,s93809,2025-11-30 07:02:37,054be57a
,,,e8256,review_product,,,,s76497,2025-11-30 07:08:37,c615b2bc
,,,e1890,logout,,,,s38935,2025-11-30 07:11:37,abeb5b1d
,,,e9550,view_category,,,,s41769,2025-11-30 08:20:37,d65b2ee5
,sports,,e3795,view_product,p3536,,,s83287,2025-11-30 08:30:37,53da311d
,,,e3432,logout,,,,s56182,2025-11-30 09:58:37,433d840b
,,,e4208,search,,,smartphone,s24831,2025-11-30 10:02:37,ae3ed5f7
,sports,,e1291,view_product,p1311,,,s60585,2025-11-30 10:54:37,433d840b
,sports,,e3476,rate_product,p9185,3,,s39419,2025-11-30 11:49:37,b0c7aa85
,,,e3828,view_category,,,,s17797,2025-11-30 12:06:37,abeb5b1d
,,,e8871,search,,,python book,s39840,2025-11-30 12:32:37,04d2a560
,,,e2445,login,,,,s23674,2025-11-30 14:20:37,1cd8dedd
,electronics,,e4109,share_product,p2844,,,s45349,2025-11-30 16:21:37,85988848
,home,,e6449,add_to_cart,p9419,,,s85735,2025-11-30 16:49:37,49b1e9e2
,,,e8773,login,,,,s54823,2025-11-30 17:13:37,dcdc9b91
,,,e2051,view_category,,,,s73623,2025-11-30 17:40:37,d65b2ee5
,electronics,,e1169,share_product,p5257,,,s64580,2025-11-30 19:01:37,5ca4266c
,books,,e9893,rate_product,p4367,3,,s45797,2025-11-30 21:56:37,ae3ed5f7
365.01,sports,USD,e4162,purchase,p1042,,,s56655,2025-11-30 22:54:37,033e25b4
,,,e5233,logout,,,,s19128,2025-11-30 23:11:37,5c028660
,,,e9279,search,,,python book,s15252,2025-11-30 23:47:37,8467e03c
,clothing,,e7969,view_product,p6948,,,s24838,2025-12-01 01:17:37,9f45bb53
,,,e4837,logout,,,,s69132,2025-12-01 03:01:37,9e27aaf4
,home,,e5592,view_product,p8449,,,s78437,2025-12-01 03:19:37,c615b2bc
,sports,,e4846,rate_product,p7001,1,,s39684,2025-12-01 03:49:37,1733bfd1
,,,e6711,login,,,,s62711,2025-12-01 06:11:37,dd68ce00
,,,e5404,review_product,,,,s68106,2025-12-01 06:23:37,44189c1f
340.85,clothing,USD,e3989,purchase,p5724,,,s68418,2025-12-01 07:03:37,9f45bb53
,,,e1039,search,,,smartphone,s16078,2025-12-01 07:22:37,8467e03c
,,,e7845,search,,,python book,s55004,2025-12-01 08:09:37,9266e47d
336.47,electronics,USD,e6487,purchase,p6233,,,s37199,2025-12-01 09:31:37,264c3be7
,home,,e3102,add_to_cart,p1429,,,s65040,2025-12-01 09:38:37,1cd8dedd
,home,,e4098,share_product,p8120,,,s97709,2025-12-01 09:48:37,2c9c8520
,,,e9782,logout,,,,s33595,2025-12-01 10:19:37,9266e47d
,sports,,e5280,view_product,p7913,,,s46356,2025-12-01 10:27:37,ddc7d3af
343.07,sports,USD,e3079,purchase,p4221,,,s94364,2025-12-01 12:09:37,ed876208
,clothing,,e4178,add_to_cart,p5264,,,s42985,2025-12-01 12:16:37,39fe934c
,clothing,,e3560,share_product,p4063,,,s55504,2025-12-01 16:02:37,6e384126
256.96,sports,USD,e4144,purchase,p1120,,,s72967,2025-12-01 16:16:37,bf7f85f6
,,,e2919,review_product,,,,s86060,2025-12-01 17:10:37,f8455c7d
,,,e2772,login,,,,s99779,2025-12-01 17:51:37,f8a6edba
,sports,,e6361,share_product,p4125,,,s58863,2025-12-01 17:57:37,ad441408
,sports,,e6784,view_product,p5349,,,s11823,2025-12-01 18:38:37,64db58e3
246.12,books,USD,e1902,purchase,p4572,,,s65357,2025-12-01 19:18:37,f7a53b17
,,,e4296,search,,,python book,s93258,2025-12-01 19:31:37,04d2a560
,home,,e3606,share_product,p8858,,,s69026,2025-12-01 20:43:37,d4e2287e
,sports,,e7078,add_to_cart,p7592,,,s70251,2025-12-01 21:09:37,dd68ce00
,books,,e7870,share_product,p2598,,,s48135,2025-12-02 00:01:37,f8a6edba
,,,e7920,review_product,,,,s31841,2025-12-02 01:35:37,c588ab05
,books,,e8835,add_to_cart,p7929,,,s88709,2025-12-02 02:23:37,da4c5737
,,,e3057,review_product,,,,s14638,2025-12-02 02:28:37,45401e9a
,,,e1576,review_product,,,,s21171,2025-12-02 02:37:37,c615b2bc
,,,e3563,view_category,,,,s81177,2025-12-02 02:45:37,1733bfd1
360.82,home,USD,e8237,purchase,p2850,,,s60727,2025-12-02 02:55:37,f8a6edba
,,,e4348,view_category,,,,s56829,2025-12-02 02:59:37,c615b2bc
,,,e4149,review_product,,,,s85988,2025-12-02 03:00:37,1f225399
,home,,e6159,share_product,p5791,,,s29942,2025-12-02 05:33:37,f7a53b17
,home,,e3415,add_to_cart,p4605,,,s99394,2025-12-02 05:42:37,7a2442af
,sports,,e3676,share_product,p3768,,,s27885,2025-12-02 06:31:37,f0077ed4
,sports,,e7801,rate_product,p3787,2,,s40175,2025-12-02 08:11:37,1799d8c9
,,,e2786,view_category,,,,s81590,2025-12-02 08:32:37,4a4c76e0
,,,e4572,search,,,coffee maker,s50768,2025-12-02 09:08:37,054be57a
,,,e7707,login,,,,s83729,2025-12-02 09:18:37,8467e03c
,clothing,,e6187,view_product,p7647,,,s95316,2025-12-02 09:52:37,8a79bc74
,sports,,e6891,view_product,p4584,,,s52006,2025-12-02 10:20:37,3623a01d
,electronics,,e3548,share_product,p2621,,,s70318,2025-12-02 10:30:37,dcdc9b91
,home,,e9823,add_to_cart,p7878,,,s53014,2025-12-02 11:26:37,f4d26db4
,home,,e9489,add_to_cart,p3594,,,s60233,2025-12-02 12:20:37,6e384126
,home,,e3084,share_product,p3275,,,s33279,2025-12-02 12:28:37,f0077ed4
,home,,e4048,view_product,p6206,,,s34662,2025-12-02 12:58:37,3623a01d
,,,e6875,review_product,,,,s95445,2025-12-02 13:13:37,96f41479
,sports,,e4279,share_product,p9712,,,s88787,2025-12-02 13:34:37,f8a6edba
,electronics,,e8141,share_product,p8336,,,s21407,2025-12-02 13:51:37,9f45bb53
,,,e5939,logout,,,,s33915,2025-12-02 14:18:37,f00c6967
,sports,,e9133,share_product,p7199,,,s54969,2025-12-02 14:29:37,054be57a
,clothing,,e3740,add_to_cart,p3103,,,s73711,2025-12-02 14:41:37,96f41479
,clothing,,e9307,view_product,p4838,,,s27013,2025-12-02 14:54:37,42b93336
,,,e7482,login,,,,s15853,2025-12-02 15:23:37,76ac43af
,sports,,e5894,share_product,p5665,,,s92331,2025-12-02 15:35:37,45401e9a
,,,e6150,logout,,,,s83065,2025-12-02 16:18:37,bf7f85f6
395.64,electronics,USD,e8033,purchase,p1214,,,s29472,2025-12-02 16:35:37,b0c7aa85
,home,,e5735,rate_product,p8527,2,,s50813,2025-12-02 16:58:37,90e96910
,clothing,,e3568,rate_product,p3117,2,,s96870,2025-12-02 20:37:37,f566196f
,,,e3466,view_category,,,,s47531,2025-12-02 21:13:37,e560674c
,,,e7468,login,,,,s50541,2025-12-02 21:57:37,abe3a934
,,,e6507,view_category,,,,s98142,2025-12-02 22:21:37,03a08ae6
,,,e6107,review_product,,,,s59702,2025-12-02 23:03:37,55be162d
,books,,e7788,rate_product,p1313,5,,s61832,2025-12-02 23:50:37,2608cd74
,home,,e9297,rate_product,p3997,4,,s89888,2025-12-02 23:58:37,76ac43af
,sports,,e3635,view_product,p3272,,,s47320,2025-12-03 00:17:37,39fe934c
,,,e4156,review_product,,,,s84291,2025-12-03 00:42:37,8807cb64
,,,e2957,login,,,,s20236,2025-12-03 00:59:37,b3882a24
467.34,sports,USD,e7995,purchase,p7355,,,s38440,2025-12-03 02:23:37,1733bfd1
,,,e7565,review_product,,,,s67415,2025-12-03 03:07:37,64db58e3
,,,e4199,search,,,backpack,s96652,2025-12-03 03:57:37,1f225399
,,,e2102,view_category,,,,s89843,2025-12-03 04:07:37,f0077ed4
,,,e6449,logout,,,,s66554,2025-12-03 04:34:37,42b93336
,clothing,,e7696,add_to_cart,p4862,,,s84337,2025-12-03 04:59:37,1f225399
,,,e9175,search,,,coffee maker,s14026,2025-12-03 07:25:37,76ac43af
,,,e7710,view_category,,,,s86175,2025-12-03 07:38:37,4a4c76e0
,clothing,,e1624,view_product,p1225,,,s64090,2025-12-03 09:12:37,74c5acd7
,books,,e6468,share_product,p5706,,,s77941,2025-12-03 09:53:37,7a9b880e
218.62,books,USD,e4568,purchase,p1588,,,s98099,2025-12-03 10:13:37,1cd8dedd
,books,,e3744,share_product,p3308,,,s68323,2025-12-03 10:27:37,3623a01d
,,,e8509,login,,,,s74816,2025-12-03 11:02:37,224a8f74
,electronics,,e6789,rate_product,p3606,4,,s64854,2025-12-03 11:37:37,b1c83115
,,,e6029,search,,,coffee maker,s71646,2025-12-03 14:00:37,f00c6967
126.65,books,USD,e7717,purchase,p7208,,,s39428,2025-12-03 14:05:37,f566196f
,,,e9513,review_product,,,,s47529,2025-12-03 17:05:37,3623a01d
,,,e9396,login,,,,s58247,2025-12-03 17:13:37,42b93336
,electronics,,e7226,add_to_cart,p8246,,,s45030,2025-12-03 18:32:37,1cd8dedd
,,,e7640,review_product,,,,s25290,2025-12-03 19:53:37,49b1e9e2
,electronics,,e6911,add_to_cart,p9337,,,s40343,2025-12-03 20:28:37,27acd0d0
,,,e8268,logout,,,,s60132,2025-12-04 00:36:37,4d7b0f00
88.6,clothing,USD,e7108,purchase,p4396,,,s66217,2025-12-04 02:13:37,9f45bb53
,,,e1429,logout,,,,s60804,2025-12-04 02:16:37,2608cd74
,,,e8487,view_category,,,,s46626,2025-12-04 02:22:37,054be57a
,sports,,e5017,rate_product,p6850,1,,s45275,2025-12-04 02:40:37,bf7f85f6
,,,e2894,login,,,,s34756,2025-12-04 03:11:37,8807cb64
,,,e7228,search,,,yoga mat,s27916,2025-12-04 04:05:37,d4e2287e
,,,e6408,review_product,,,,s24928,2025-12-04 04:28:37,41ec28c5
,,,e2074,view_category,,,,s92606,2025-12-04 05:51:37,7a9b880e
,,,e1537,review_product,,,,s96218,2025-12-04 06:45:37,04d2a560
,,,e7143,logout,,,,s71444,2025-12-04 06:52:37,4a4c76e0
,home,,e7748,share_product,p8305,,,s73544,2025-12-04 07:21:37,ddc7d3af
,,,e6428,search,,,yoga mat,s41700,2025-12-04 07:42:37,e1081140
,sports,,e5107,add_to_cart,p4889,,,s97607,2025-12-04 07:48:37,433d840b
,,,e4300,logout,,,,s27306,2025-12-04 08:02:37,da4c5737
,,,e4966,search,,,python book,s34162,2025-12-04 09:04:37,e560674c
125.48,electronics,USD,e1104,purchase,p2728,,,s46183,2025-12-04 09:30:37,c4fb653f
,electronics,,e6952,view_product,p3796,,,s95594,2025-12-04 09:33:37,ed826bea
,,,e2927,review_product,,,,s50548,2025-12-04 09:39:37,1733bfd1
,,,e8049,search,,,smartphone,s99406,2025-12-04 10:00:37,4a4c76e0
,,,e9575,login,,,,s70912,2025-12-04 10:49:37,85988848
,,,e3994,logout,,,,s76785,2025-12-04 11:25:37,7a2442af
,,,e9857,login,,,,s70907,2025-12-04 11:45:37,64db58e3
,,,e7497,login,,,,s91696,2025-12-04 11:54:37,7a9b880e
,,,e4772,search,,,yoga mat,s99177,2025-12-04 12:17:37,f4d26db4
,,,e6114,logout,,,,s80993,2025-12-04 13:03:37,224a8f74
,,,e8412,login,,,,s99193,2025-12-04 13:29:37,f8a6edba
,,,e2741,view_category,,,,s64769,2025-12-04 13:51:37,1f225399
,,,e8412,logout,,,,s15167,2025-12-04 16:21:37,f566196f
,,,e3901,login,,,,s98790,2025-12-04 19:09:37,41ec28c5
,,,e5257,view_category,,,,s37613,2025-12-04 19:20:37,1799d8c9
,,,e3020,view_category,,,,s88321,2025-12-04 20:42:37,08da1baa
,,,e1193,logout,,,,s87809,2025-12-04 21:00:37,a5e05bdc
,clothing,,e1156,rate_product,p2345,2,,s40379,2025-12-04 21:08:37,dd237820
,sports,,e5236,view_product,p7915,,,s64467,2025-12-04 21:54:37,39fe934c
,,,e1830,search,,,laptop,s83710,2025-12-04 22:19:37,dcdc9b91
245.22,home,USD,e5454,purchase,p5768,,,s64179,2025-12-04 22:25:37,a926c3c4
,books,,e4303,rate_product,p9870,4,,s76809,2025-12-04 23:01:37,9cd14b01
,electronics,,e3519,add_to_cart,p5548,,,s60656,2025-12-04 23:12:37,c4fb653f
,,,e2774,login,,,,s58636,2025-12-05 00:02:37,ae3ed5f7
,sports,,e7737,share_product,p2825,,,s45288,2025-12-05 00:23:37,3da4210b
,clothing,,e3810,share_product,p7684,,,s60302,2025-12-05 01:11:37,224a8f74
,electronics,,e3478,share_product,p2489,,,s91705,2025-12-05 01:28:37,2608cd74
,,,e1136,login,,,,s22531,2025-12-05 01:47:37,ddc7d3af
,electronics,,e5965,add_to_cart,p2644,,,s56129,2025-12-05 02:23:37,efe96b4d
,,,e5950,review_product,,,,s89098,2025-12-05 02:58:37,f8a6edba
,,,e1396,view_category,,,,s99133,2025-12-05 03:14:37,da4c5737
,electronics,,e1514,add_to_cart,p8964,,,s83124,2025-12-05 03:38:37,4d7b0f00
,,,e3383,search,,,wireless headphones,s74137,2025-12-05 05:49:37,2c9c8520
,,,e3159,logout,,,,s67235,2025-12-05 05:52:37,ddc7d3af
,sports,,e8079,add_to_cart,p3996,,,s27578,2025-12-05 07:07:37,abeb5b1d
,,,e8410,login,,,,s93215,2025-12-05 07:37:37,a5e05bdc
,books,,e5512,add_to_cart,p3757,,,s66208,2025-12-05 08:02:37,fc5c123e
,,,e5798,view_category,,,,s21065,2025-12-05 08:22:37,a5e05bdc
,,,e8393,search,,,python book,s48054,2025-12-05 08:55:37,9f45bb53
,,,e5581,review_product,,,,s21521,2025-12-05 09:21:37,1799d8c9
,clothing,,e6970,add_to_cart,p5057,,,s31518,2025-12-05 10:25:37,d4e2287e
,,,e5270,search,,,laptop,s45865,2025-12-05 10:57:37,033e25b4
,,,e9963,logout,,,,s48642,2025-12-05 11:38:37,9e27aaf4
,electronics,,e9599,share_product,p3725,,,s27473,2025-12-05 12:49:37,2ccb0b0b
,sports,,e5090,rate_product,p6344,1,,s87509,2025-12-05 13:30:37,efe96b4d
472.59,electronics,USD,e2909,purchase,p9844,,,s85041,2025-12-05 14:08:37,9cd14b01
,clothing,,e9706,share_product,p3050,,,s86842,2025-12-05 14:12:37,033e25b4
,home,,e9845,share_product,p8688,,,s87857,2025-12-05 14:36:37,433d840b
,sports,,e8931,rate_product,p4382,3,,s66406,2025-12-05 15:43:37,abe3a934
,,,e7363,review_product,,,,s43137,2025-12-05 16:04:37,4c10f9e9
,,,e9452,review_product,,,,s63481,2025-12-05 17:10:37,53da311d
,,,e5909,login,,,,s14310,2025-12-05 17:26:37,55be162d
,,,e2650,view_category,,,,s69861,2025-12-05 19:03:37,dd237820
74.48,electronics,USD,e6009,purchase,p5798,,,s66884,2025-12-05 19:38:37,41ec28c5
,,,e9539,view_category,,,,s78496,2025-12-05 19:59:37,07fb2ad5
,,,e4527,login,,,,s18903,2025-12-05 20:04:37,f00c6967
,,,e4345,search,,,running shoes,s50174,2025-12-05 20:08:37,07fb2ad5
,electronics,,e4149,share_product,p4944,,,s40114,2025-12-05 20:28:37,a5e05bdc
,,,e3678,logout,,,,s65911,2025-12-05 20:51:37,74c5acd7
59.97,sports,USD,e1340,purchase,p8517,,,s72246,2025-12-05 20:59:37,2ccb0b0b
,clothing,,e6991,view_product,p3842,,,s32461,2025-12-05 21:52:37,8a79bc74
,,,e1215,login,,,,s64758,2025-12-05 21:54:37,7c128924
,electronics,,e1910,add_to_cart,p3298,,,s77001,2025-12-05 23:38:37,7a2442af
,,,e7240,review_product,,,,s94511,2025-12-05 23:48:37,c615b2bc
,,,e3136,view_category,,,,s92807,2025-12-06 00:45:37,2ccb0b0b
,,,e7856,login,,,,s11605,2025-12-06 00:48:37,9e27aaf4
,,,e8610,login,,,,s73139,2025-12-06 01:41:37,c615b2bc
,,,e1164,search,,,backpack,s33006,2025-12-06 02:28:37,033e25b4
,,,e4689,login,,,,s19071,2025-12-06 03:20:37,55be162d
,,,e5551,logout,,,,s55886,2025-12-06 03:43:37,9e27aaf4
,,,e2101,review_product,,,,s14121,2025-12-06 04:00:37,fde3a54c
,,,e8104,review_product,,,,s28610,2025-12-06 04:26:37,ea975cad
,,,e4252,logout,,,,s41523,2025-12-06 05:24:37,b2d8b779
,,,e7713,review_product,,,,s55475,2025-12-06 06:23:37,9f45bb53
,electronics,,e8749,view_product,p2676,,,s85082,2025-12-06 06:26:37,03a08ae6
,,,e9020,review_product,,,,s14515,2025-12-06 06:48:37,5c028660
,books,,e9416,share_product,p6522,,,s69172,2025-12-06 07:21:37,b0c7aa85
,books,,e8973,view_product,p1587,,,s49356,2025-12-06 08:20:37,336e40c1
,,,e5595,login,,,,s52251,2025-12-06 08:28:37,5c4750e0
,,,e4398,review_product,,,,s32317,2025-12-06 09:07:37,d96d1300
,home,,e3042,view_product,p5118,,,s28506,2025-12-06 09:12:37,6e384126
,books,,e4719,view_product,p9316,,,s36540,2025-12-06 09:22:37,fde3a54c
,,,e4605,logout,,,,s21069,2025-12-06 09:28:37,1799d8c9
,home,,e9539,add_to_cart,p7998,,,s12348,2025-12-06 09:33:37,8a79bc74
,clothing,,e4838,add_to_cart,p9756,,,s62890,2025-12-06 09:56:37,4735604e
,,,e1331,search,,,wireless headphones,s26672,2025-12-06 10:05:37,96f41479
,,,e3672,login,,,,s25523,2025-12-06 10:20:37,433d840b
,,,e3454,search,,,coffee maker,s29904,2025-12-06 11:48:37,4a4c76e0
,,,e9203,view_category,,,,s25464,2025-12-06 12:27:37,fde3a54c
,sports,,e5902,share_product,p2179,,,s82120,2025-12-06 12:52:37,90e96910
,home,,e4396,view_product,p8411,,,s18788,2025-12-06 13:18:37,53da311d
,,,e4731,view_category,,,,s30568,2025-12-06 14:15:37,381bddc5
,,,e2906,view_category,,,,s49353,2025-12-06 15:40:37,d4e2287e
,,,e8495,review_product,,,,s57610,2025-12-06 16:28:37,ddc7d3af
,,,e6392,review_product,,,,s66742,2025-12-06 16:30:37,abeb5b1d
,,,e9873,review_product,,,,s49512,2025-12-06 19:14:37,44189c1f
,home,,e8208,view_product,p1370,,,s38456,2025-12-06 20:54:37,ed876208
,,,e7823,view_category,,,,s43259,2025-12-06 21:11:37,abe3a934
,,,e2110,review_product,,,,s53900,2025-12-06 21:12:37,28c71bee
,home,,e3821,share_product,p9317,,,s29003,2025-12-06 21:52:37,b867a869
,,,e1272,logout,,,,s77454,2025-12-06 22:12:37,919842b5
,electronics,,e1108,rate_product,p2569,2,,s47284,2025-12-06 22:52:37,41923a8c
424.56,sports,USD,e9289,purchase,p3104,,,s38547,2025-12-06 23:00:37,e560674c
,,,e5009,logout,,,,s16361,2025-12-06 23:07:37,4735604e
,home,,e2836,add_to_cart,p2698,,,s83135,2025-12-06 23:13:37,ddc7d3af
390.41,clothing,USD,e7463,purchase,p5809,,,s72007,2025-12-07 00:25:37,90e96910
,,,e8901,logout,,,,s42101,2025-12-07 01:20:37,a1c5e8ef
,,,e4465,search,,,python book,s43020,2025-12-07 01:22:37,7c128924
,,,e5115,search,,,smartphone,s29077,2025-12-07 01:23:37,fc5c123e
,books,,e2359,rate_product,p1692,1,,s35380,2025-12-07 01:41:37,c4fb653f
,,,e1962,login,,,,s57956,2025-12-07 01:51:37,44189c1f
,,,e1307,search,,,python book,s41876,2025-12-07 02:47:37,9266e47d
183.26,sports,USD,e9513,purchase,p8905,,,s48257,2025-12-07 03:02:37,dd237820
87.07,sports,USD,e1744,purchase,p2202,,,s40646,2025-12-07 03:14:37,9f45bb53
,,,e5607,login,,,,s76652,2025-12-07 03:51:37,3623a01d
86.07,electronics,USD,e9482,purchase,p7950,,,s60770,2025-12-07 05:37:37,efe96b4d
350.11,sports,USD,e1517,purchase,p3244,,,s27601,2025-12-07 06:02:37,42b93336
,,,e1509,view_category,,,,s33995,2025-12-07 06:54:37,44189c1f
,,,e1238,logout,,,,s64219,2025-12-07 07:05:37,3623a01d
,sports,,e7294,share_product,p5707,,,s40514,2025-12-07 07:46:37,45401e9a
,books,,e6272,share_product,p6721,,,s32360,2025-12-07 09:30:37,96f41479
,,,e6456,review_product,,,,s71300,2025-12-07 09:48:37,d65b2ee5
227.66,books,USD,e8285,purchase,p7731,,,s36419,2025-12-07 09:55:37,8807cb64
,home,,e2569,add_to_cart,p9691,,,s43825,2025-12-07 10:05:37,9f45bb53
,,,e4585,login,,,,s65018,2025-12-07 12:39:37,7a9b880e
,books,,e5819,share_product,p1622,,,s53260,2025-12-07 13:05:37,dd237820
,,,e5752,logout,,,,s86223,2025-12-07 13:24:37,b2d8b779
,,,e6934,logout,,,,s93541,2025-12-07 13:53:37,f0077ed4
,,,e1236,login,,,,s45779,2025-12-07 14:54:37,d96d1300
,,,e7342,search,,,wireless headphones,s27554,2025-12-07 15:26:37,5c028660
33.92,sports,USD,e9579,purchase,p2302,,,s82769,2025-12-07 16:43:37,c4fb653f
,,,e8160,view_category,,,,s68205,2025-12-07 17:06:37,abe3a934
,,,e9292,review_product,,,,s20323,2025-12-07 17:53:37,dd68ce00
,sports,,e4221,view_product,p4653,,,s60882,2025-12-07 19:47:37,9e27aaf4
26.27,clothing,USD,e7174,purchase,p9367,,,s85891,2025-12-07 20:34:37,1f225399
261.26,clothing,USD,e4221,purchase,p7801,,,s42465,2025-12-07 22:29:37,7c128924
,,,e7158,view_category,,,,s85784,2025-12-07 23:23:37,d96d1300
,,,e4874,login,,,,s97939,2025-12-07 23:40:37,55be162d
,books,,e2508,rate_product,p4188,4,,s93279,2025-12-07 23:53:37,41ec28c5
46.99,clothing,USD,e9994,purchase,p8623,,,s39611,2025-12-08 00:35:37,42b93336
,sports,,e4581,view_product,p5850,,,s76483,2025-12-08 02:23:37,1bb953bd
,,,e2334,logout,,,,s25821,2025-12-08 03:15:37,a926c3c4
244.49,sports,USD,e9738,purchase,p9254,,,s62369,2025-12-08 04:08:37,b867a869
,,,e3616,search,,,backpack,s74618,2025-12-08 05:29:37,53da311d
,home,,e5464,share_product,p2105,,,s80277,2025-12-08 05:34:37,2ccb0b0b
,,,e2167,view_category,,,,s99844,2025-12-08 06:56:37,f4d26db4
,,,e7663,logout,,,,s79335,2025-12-08 07:21:37,f00c6967
,,,e9779,review_product,,,,s23622,2025-12-08 07:57:37,264c3be7
,,,e8321,login,,,,s71752,2025-12-08 08:25:37,9266e47d
,clothing,,e8228,share_product,p8388,,,s68431,2025-12-08 08:51:37,8a79bc74
,electronics,,e4724,share_product,p6410,,,s91314,2025-12-08 09:36:37,55be162d
294.45,sports,USD,e3640,purchase,p2353,,,s33490,2025-12-08 10:03:37,27acd0d0
,,,e2871,logout,,,,s89387,2025-12-08 11:16:37,2608cd74
,books,,e5254,add_to_cart,p7911,,,s83369,2025-12-08 12:05:37,1bb953bd
,,,e8215,review_product,,,,s95836,2025-12-08 12:32:37,ae3ed5f7
,,,e9198,review_product,,,,s55745,2025-12-08 13:00:37,c4fb653f
234.86,clothing,USD,e4151,purchase,p8212,,,s67783,2025-12-08 15:26:37,ed876208
,electronics,,e1768,rate_product,p9884,4,,s47031,2025-12-08 16:04:37,efe96b4d
318.49,electronics,USD,e8601,purchase,p8069,,,s12694,2025-12-08 16:58:37,2ccb0b0b
,electronics,,e9273,share_product,p7097,,,s16163,2025-12-08 17:45:37,9f45bb53
,,,e7833,view_category,,,,s15193,2025-12-08 17:54:37,9f45bb53
,,,e7840,login,,,,s39217,2025-12-08 18:21:37,1cd8dedd
,,,e5921,logout,,,,s15317,2025-12-08 19:13:37,381bddc5
,,,e8070,search,,,smartphone,s17857,2025-12-08 20:21:37,08da1baa
,,,e6392,search,,,coffee maker,s67318,2025-12-08 21:05:37,4735604e
,electronics,,e6005,rate_product,p6217,3,,s57865,2025-12-08 21:06:37,054be57a
,,,e3911,view_category,,,,s13420,2025-12-08 21:24:37,2608cd74
,,,e9089,search,,,python book,s44348,2025-12-08 21:33:37,53da311d
,sports,,e4586,view_product,p5065,,,s30733,2025-12-08 21:55:37,1cd8dedd
10.71,clothing,USD,e2985,purchase,p7607,,,s15149,2025-12-08 23:35:37,ddc7d3af
75.12,clothing,USD,e5563,purchase,p9051,,,s52005,2025-12-08 23:43:37,b867a869
,,,e4147,login,,,,s75887,2025-12-08 23:44:37,41ec28c5
,,,e4413,view_category,,,,s69864,2025-12-09 00:11:37,42b93336
,,,e2158,view_category,,,,s10511,2025-12-09 00:24:37,cee84f6e
,electronics,,e8519,view_product,p1175,,,s29382,2025-12-09 01:09:37,1bb953bd
,home,,e6071,share_product,p4515,,,s32995,2025-12-09 01:17:37,c615b2bc
,,,e5219,view_category,,,,s48650,2025-12-09 01:50:37,6e384126
,,,e9905,login,,,,s82398,2025-12-09 02:29:37,45401e9a
,,,e5718,view_category,,,,s94630,2025-12-09 04:40:37,d65b2ee5
,books,,e9854,view_product,p5145,,,s65848,2025-12-09 05:02:37,f00c6967
,,,e5479,view_category,,,,s27418,2025-12-09 06:08:37,f7a53b17
,clothing,,e2102,rate_product,p9507,3,,s48787,2025-12-09 07:14:37,f566196f
,sports,,e4189,share_product,p5013,,,s29284,2025-12-09 07:14:37,7a9b880e
,,,e9622,view_category,,,,s56207,2025-12-09 07:28:37,ae3ed5f7
,,,e7126,search,,,smartphone,s11472,2025-12-09 07:44:37,49b1e9e2
,,,e9263,logout,,,,s86633,2025-12-09 07:52:37,a1c5e8ef
,,,e9910,view_category,,,,s19461,2025-12-09 08:20:37,dcdc9b91
,,,e7429,review_product,,,,s79953,2025-12-09 09:10:37,efe96b4d
330.01,sports,USD,e6175,purchase,p2208,,,s25744,2025-12-09 09:10:37,c615b2bc
,,,e1620,view_category,,,,s16017,2025-12-09 11:12:37,1799d8c9
,,,e3662,review_product,,,,s70378,2025-12-09 11:35:37,336e40c1
,,,e8500,review_product,,,,s22671,2025-12-09 11:52:37,dd237820
,,,e2177,login,,,,s84751,2025-12-09 13:09:37,41ec28c5
,,,e7786,review_product,,,,s77408,2025-12-09 14:38:37,41ec28c5
,,,e9263,view_category,,,,s85738,2025-12-09 15:03:37,ae3ed5f7
,,,e9041,search,,,wireless headphones,s19938,2025-12-09 16:19:37,224a8f74
,clothing,,e5696,view_product,p7692,,,s99666,2025-12-09 16:36:37,cee84f6e
,books,,e6871,add_to_cart,p3959,,,s12229,2025-12-09 17:32:37,2ccb0b0b
,,,e3680,review_product,,,,s86985,2025-12-09 18:11:37,04d2a560
,,,e8984,logout,,,,s71898,2025-12-09 19:11:37,ea975cad
,,,e3972,logout,,,,s26727,2025-12-09 19:48:37,b1c83115
,clothing,,e6350,view_product,p2437,,,s60180,2025-12-09 20:14:37,224a8f74
,books,,e7295,view_product,p3171,,,s52310,2025-12-09 20:26:37,4a4c76e0
,,,e4125,logout,,,,s20641,2025-12-09 21:22:37,2ccb0b0b
498.2,clothing,USD,e6597,purchase,p8134,,,s77041,2025-12-09 23:14:37,919842b5
,,,e5003,logout,,,,s90220,2025-12-10 00:04:37,dcdc9b91
,home,,e1013,view_product,p6999,,,s48177,2025-12-10 00:45:37,5c4750e0
,,,e7828,login,,,,s94243,2025-12-10 00:57:37,1f225399
,electronics,,e5921,rate_product,p6617,4,,s35811,2025-12-10 02:04:37,1bb953bd
,,,e8920,view_category,,,,s82427,2025-12-10 02:18:37,9266e47d
,,,e4392,view_category,,,,s61262,2025-12-10 03:51:37,28c71bee
,books,,e1574,view_product,p3683,,,s59516,2025-12-10 04:41:37,7a2442af
,,,e9117,review_product,,,,s79883,2025-12-10 04:48:37,4735604e
,sports,,e4217,view_product,p2890,,,s55310,2025-12-10 05:39:37,9cd14b01
,home,,e4274,share_product,p7207,,,s96695,2025-12-10 05:57:37,abe3a934
,,,e6766,review_product,,,,s90762,2025-12-10 06:04:37,054be57a
77.54,sports,USD,e6845,purchase,p8205,,,s70422,2025-12-10 06:58:37,9e27aaf4
,,,e8864,login,,,,s27978,2025-12-10 07:29:37,4d7b0f00
,electronics,,e1163,rate_product,p3555,3,,s96736,2025-12-10 07:29:37,7791c97e
,books,,e2180,rate_product,p2537,4,,s36807,2025-12-10 07:34:37,b2d8b779
,,,e3026,view_category,,,,s61151,2025-12-10 07:44:37,08da1baa
480.58,clothing,USD,e8127,purchase,p4445,,,s14679,2025-12-10 10:15:37,5c4750e0
,electronics,,e7406,add_to_cart,p5208,,,s50190,2025-12-10 10:32:37,1799d8c9
