transaction_id,amount,payment_method,location,employee_id,date,items_count
POS_000001,395.86,Contactless,Store B,EMP_007,2025-11-11 16:48:47.748176,3
POS_000002,68.49,Credit Card,Store B,EMP_007,2025-12-07 16:48:47.748208,8
POS_000003,390.08,Debit Card,Store C,EMP_031,2025-12-01 16:48:47.748231,17
POS_000004,212.95,Debit Card,Store A,EMP_003,2025-11-13 16:48:47.748253,14
POS_000005,194.0,Debit Card,Store A,EMP_028,2025-12-08 16:48:47.748275,19
POS_000006,94.97,Cash,Store C,EMP_040,2025-11-26 16:48:47.748297,9
POS_000007,432.64,Debit Card,Store C,EMP_046,2025-12-04 16:48:47.748318,18
POS_000008,238.58,Contactless,Store A,EMP_023,2025-11-11 16:48:47.748339,1
POS_000009,182.15,Contactless,Store C,EMP_005,2025-11-19 16:48:47.748360,13
POS_000010,246.19,Credit Card,Store B,EMP_033,2025-11-11 16:48:47.748382,11
POS_000011,177.11,Contactless,Store B,EMP_049,2025-11-23 16:48:47.748403,16
POS_000012,262.02,Credit Card,Store C,EMP_005,2025-11-27 16:48:47.748424,16
POS_000013,89.73,Credit Card,Store C,EMP_025,2025-11-15 16:48:47.748445,14
POS_000014,333.35,Credit Card,Online,EMP_010,2025-12-07 16:48:47.748465,15
POS_000015,384.47,Cash,Store A,EMP_006,2025-11-13 16:48:47.748486,15
POS_000016,56.57,Credit Card,Online,EMP_048,2025-11-15 16:48:47.748508,17
POS_000017,160.92,Cash,Store B,EMP_040,2025-11-28 16:48:47.748529,11
POS_000018,301.06,Debit Card,Store A,EMP_045,2025-11-23 16:48:47.748549,4
POS_000019,42.37,Debit Card,Store C,EMP_030,2025-11-16 16:48:47.748570,3
POS_000020,448.49,Cash,Online,EMP_008,2025-12-01 16:48:47.748591,9
POS_000021,245.32,Debit Card,Store C,EMP_018,2025-11-11 16:48:47.748611,11
POS_000022,469.36,Credit Card,Store C,EMP_035,2025-11-19 16:48:47.748638,7
POS_000023,80.67,Cash,Store A,EMP_037,2025-11-23 16:48:47.748663,9
POS_000024,461.35,Contactless,Store C,EMP_018,2025-12-05 16:48:47.748684,16
POS_000025,476.93,Debit Card,Store C,EMP_033,2025-11-24 16:48:47.748705,14
POS_000026,333.46,Cash,Store B,EMP_043,2025-11-24 16:48:47.748725,19
POS_000027,340.4,Cash,Store B,EMP_039,2025-12-03 16:48:47.748746,17
POS_000028,149.11,Debit Card,Online,EMP_008,2025-11-16 16:48:47.748767,6
POS_000029,122.14,Credit Card,Store A,EMP_035,2025-11-28 16:48:47.748788,14
POS_000030,125.66,Contactless,Store C,EMP_006,2025-11-20 16:48:47.748808,7
POS_000031,172.04,Cash,Store B,EMP_016,2025-11-16 16:48:47.748829,14
POS_000032,363.24,Contactless,Online,EMP_016,2025-11-15 16:48:47.748849,15
POS_000033,181.47,Debit Card,Store B,EMP_009,2025-11-23 16:48:47.748870,19
POS_000034,218.8,Credit Card,Store B,EMP_002,2025-11-23 16:48:47.748890,12
POS_000035,95.48,Cash,Store C,EMP_042,2025-11-23 16:48:47.748911,2
POS_000036,192.57,Cash,Store A,EMP_028,2025-11-23 16:48:47.748932,2
POS_000037,430.93,Cash,Online,EMP_003,2025-11-20 16:48:47.748952,17
POS_000038,167.09,Contactless,Store B,EMP_042,2025-12-03 16:48:47.748973,7
POS_000039,173.59,Credit Card,Store A,EMP_015,2025-11-25 16:48:47.748993,4
POS_000040,357.04,Cash,Store C,EMP_015,2025-12-05 16:48:47.749014,13
POS_000041,93.04,Cash,Store B,EMP_015,2025-11-26 16:48:47.749034,1
POS_000042,179.7,Contactless,Store A,EMP_013,2025-11-18 16:48:47.749055,4
POS_000043,103.79,Debit Card,Store A,EMP_005,2025-12-07 16:48:47.749075,19
POS_000044,303.45,Cash,Store B,EMP_001,2025-12-02 16:48:47.749096,14
POS_000045,192.86,Credit Card,Store C,EMP_008,2025-12-09 16:48:47.749116,13
POS_000046,177.63,Credit Card,Store A,EMP_016,2025-11-10 16:48:47.749137,11
POS_000047,329.62,Debit Card,Store C,EMP_035,2025-11-27 16:48:47.749157,7
POS_000048,64.18,Credit Card,Online,EMP_039,2025-11-13 16:48:47.749178,16
POS_000049,236.76,Contactless,Store A,EMP_028,2025-11-26 16:48:47.749198,1
POS_000050,410.95,Credit Card,Online,EMP_037,2025-11-30 16:48:47.749219,18
POS_000051,252.63,Cash,Store A,EMP_035,2025-12-04 16:48:47.749239,17
POS_000052,434.26,Credit Card,Store B,EMP_043,2025-12-06 16:48:47.749260,9
POS_000053,86.37,Debit Card,Online,EMP_038,2025-12-05 16:48:47.749281,12
POS_000054,459.21,Cash,Store A,EMP_023,2025-12-07 16:48:47.749301,3
POS_000055,28.9,Credit Card,Store B,EMP_034,2025-11-20 16:48:47.749322,13
POS_000056,60.33,Contactless,Store A,EMP_023,2025-12-06 16:48:47.749342,7
POS_000057,191.59,Debit Card,Store B,EMP_041,2025-11-16 16:48:47.749364,4
POS_000058,317.42,Cash,Store B,EMP_035,2025-11-10 16:48:47.749384,19
POS_000059,74.89,Credit Card,Online,EMP_003,2025-11-19 16:48:47.749404,5
POS_000060,130.72,Contactless,Store C,EMP_030,2025-12-03 16:48:47.749425,4
POS_000061,415.06,Debit Card,Store B,EMP_024,2025-11-22 16:48:47.749445,14
POS_000062,408.58,Cash,Store B,EMP_035,2025-11-30 16:48:47.749465,5
POS_000063,109.13,Debit Card,Store A,EMP_039,2025-12-08 16:48:47.749487,2
POS_000064,80.3,Contactless,Store C,EMP_041,2025-11-24 16:48:47.749509,7
POS_000065,56.63,Debit Card,Online,EMP_013,2025-11-20 16:48:47.749529,6
POS_000066,90.59,Debit Card,Online,EMP_034,2025-11-25 16:48:47.749549,2
POS_000067,188.1,Contactless,Store C,EMP_019,2025-11-17 16:48:47.749569,5
POS_000068,432.33,Debit Card,Online,EMP_019,2025-11-11 16:48:47.749590,11
POS_000069,473.37,Debit Card,Store C,EMP_005,2025-11-17 16:48:47.749613,3
POS_000070,220.37,Cash,Online,EMP_036,2025-12-04 16:48:47.749641,9
POS_000071,52.67,Debit Card,Store C,EMP_049,2025-11-30 16:48:47.749664,18
POS_000072,313.75,Cash,Store C,EMP_019,2025-11-30 16:48:47.749686,14
POS_000073,432.32,Cash,Store B,EMP_046,2025-11-25 16:48:47.749707,12
POS_000074,34.41,Credit Card,Store C,EMP_028,2025-11-11 16:48:47.749728,2
POS_000075,63.79,Contactless,Store A,EMP_039,2025-12-07 16:48:47.749749,10
POS_000076,194.42,Cash,Store A,EMP_008,2025-12-03 16:48:47.749770,9
POS_000077,259.54,Debit Card,Store A,EMP_049,2025-11-21 16:48:47.749791,10
POS_000078,128.28,Debit Card,Online,EMP_017,2025-11-21 16:48:47.749813,3
POS_000079,345.8,Contactless,Store B,EMP_026,2025-12-04 16:48:47.749834,6
POS_000080,319.5,Credit Card,Store B,EMP_045,2025-11-29 16:48:47.749855,11
POS_000081,455.71,Debit Card,Online,EMP_041,2025-12-06 16:48:47.749875,8
POS_000082,273.91,Cash,Store C,EMP_020,2025-11-17 16:48:47.749897,9
POS_000083,323.38,Cash,Store B,EMP_030,2025-11-13 16:48:47.749919,3
POS_000084,232.92,Debit Card,Store B,EMP_046,2025-11-20 16:48:47.749940,19
POS_000085,234.32,Credit Card,Online,EMP_036,2025-11-17 16:48:47.749961,8
POS_000086,115.68,Debit Card,Store A,EMP_002,2025-11-29 16:48:47.749982,14
POS_000087,295.56,Debit Card,Online,EMP_043,2025-11-10 16:48:47.750003,11
POS_000088,90.81,Credit Card,Store B,EMP_020,2025-11-10 16:48:47.750023,8
POS_000089,358.33,Credit Card,Store C,EMP_037,2025-11-30 16:48:47.750044,18
POS_000090,30.28,Debit Card,Store A,EMP_020,2025-12-07 16:48:47.750065,18
POS_000091,432.64,Debit Card,Store B,EMP_047,2025-11-24 16:48:47.750085,8
POS_000092,95.76,Cash,Online,EMP_027,2025-12-06 16:48:47.750106,19
POS_000093,487.86,Debit Card,Store A,EMP_040,2025-11-27 16:48:47.750127,6
POS_000094,363.98,Cash,Store A,EMP_015,2025-11-14 16:48:47.750148,15
POS_000095,39.93,Debit Card,Store B,EMP_046,2025-11-24 16:48:47.750169,4
POS_000096,411.44,Debit Card,Store C,EMP_005,2025-11-13 16:48:47.750189,10
POS_000097,39.92,Credit Card,Store C,EMP_015,2025-11-10 16:48:47.750210,12
POS_000098,19.72,Debit Card,Store C,EMP_014,2025-12-01 16:48:47.750231,3
POS_000099,202.02,Debit Card,Store A,EMP_031,2025-11-26 16:48:47.750252,11
POS_000100,168.08,Debit Card,Store C,EMP_041,2025-12-04 16:48:47.750273,1
POS_000101,137.6,Credit Card,Store A,EMP_022,2025-12-06 16:48:47.750294,9
POS_000102,226.91,Credit Card,Online,EMP_009,2025-11-17 16:48:47.750315,10
POS_000103,203.17,Contactless,Store C,EMP_001,2025-11-11 16:48:47.750404,6
POS_000104,113.58,Cash,Online,EMP_029,2025-11-19 16:48:47.750446,18
POS_000105,293.98,Debit Card,Store B,EMP_019,2025-11-26 16:48:47.750471,19
POS_000106,381.89,Contactless,Online,EMP_020,2025-11-23 16:48:47.750492,4
POS_000107,283.71,Contactless,Store A,EMP_022,2025-12-09 16:48:47.750513,17
POS_000108,28.57,Debit Card,Store C,EMP_003,2025-11-13 16:48:47.750534,13
POS_000109,152.61,Debit Card,Store A,EMP_028,2025-11-11 16:48:47.750555,2
POS_000110,430.72,Cash,Store A,EMP_013,2025-11-11 16:48:47.750576,12
POS_000111,148.57,Cash,Store B,EMP_007,2025-12-01 16:48:47.750597,14
POS_000112,90.95,Cash,Online,EMP_003,2025-11-30 16:48:47.750619,15
POS_000113,221.68,Contactless,Store C,EMP_045,2025-11-14 16:48:47.750647,17
POS_000114,487.68,Contactless,Store C,EMP_011,2025-11-16 16:48:47.750670,8
POS_000115,486.21,Contactless,Online,EMP_021,2025-11-28 16:48:47.750690,4
POS_000116,214.54,Debit Card,Store B,EMP_031,2025-11-10 16:48:47.750712,9
POS_000117,443.04,Debit Card,Online,EMP_020,2025-11-13 16:48:47.750734,3
POS_000118,335.82,Contactless,Store C,EMP_025,2025-11-30 16:48:47.750756,9
POS_000119,319.65,Cash,Store B,EMP_044,2025-11-27 16:48:47.750780,19
POS_000120,268.56,Cash,Store A,EMP_001,2025-11-25 16:48:47.750802,13
POS_000121,403.15,Cash,Store B,EMP_001,2025-11-23 16:48:47.750824,4
POS_000122,251.23,Credit Card,Store B,EMP_027,2025-11-14 16:48:47.750847,6
POS_000123,494.61,Credit Card,Store C,EMP_019,2025-11-19 16:48:47.750868,1
POS_000124,244.1,Credit Card,Store C,EMP_003,2025-11-14 16:48:47.750890,14
POS_000125,479.64,Credit Card,Store B,EMP_042,2025-11-11 16:48:47.750911,10
POS_000126,109.66,Credit Card,Online,EMP_018,2025-11-28 16:48:47.750931,19
POS_000127,20.9,Contactless,Store C,EMP_013,2025-11-22 16:48:47.750955,11
POS_000128,345.19,Cash,Store C,EMP_015,2025-11-19 16:48:47.750977,15
POS_000129,302.75,Cash,Store B,EMP_014,2025-11-21 16:48:47.750999,16
POS_000130,309.05,Cash,Store A,EMP_002,2025-11-12 16:48:47.751020,1
POS_000131,424.11,Credit Card,Online,EMP_037,2025-11-25 16:48:47.751041,5
POS_000132,155.88,Credit Card,Store B,EMP_043,2025-11-18 16:48:47.751062,10
POS_000133,360.66,Cash,Store B,EMP_022,2025-11-18 16:48:47.751084,19
POS_000134,55.37,Debit Card,Store A,EMP_045,2025-11-11 16:48:47.751107,13
POS_000135,91.9,Debit Card,Store C,EMP_031,2025-11-20 16:48:47.751130,18
POS_000136,307.0,Contactless,Online,EMP_047,2025-12-05 16:48:47.751152,16
POS_000137,427.81,Credit Card,Store A,EMP_037,2025-12-03 16:48:47.751173,17
POS_000138,401.44,Contactless,Store C,EMP_047,2025-11-17 16:48:47.751195,12
POS_000139,270.32,Contactless,Store A,EMP_047,2025-11-25 16:48:47.751219,2
POS_000140,113.44,Contactless,Online,EMP_020,2025-11-20 16:48:47.751243,11
POS_000141,317.27,Credit Card,Store B,EMP_004,2025-11-19 16:48:47.751269,6
POS_000142,222.51,Debit Card,Store B,EMP_017,2025-11-29 16:48:47.751291,15
POS_000143,199.68,Credit Card,Store C,EMP_022,2025-12-03 16:48:47.751312,12
POS_000144,430.59,Contactless,Store B,EMP_032,2025-11-14 16:48:47.751334,1
POS_000145,99.67,Credit Card,Store A,EMP_015,2025-11-23 16:48:47.751354,15
POS_000146,297.43,Cash,Store C,EMP_032,2025-11-24 16:48:47.751375,6
POS_000147,210.46,Credit Card,Store A,EMP_028,2025-11-11 16:48:47.751396,11
POS_000148,121.27,Credit Card,Store C,EMP_036,2025-11-27 16:48:47.751416,16
POS_000149,410.92,Credit Card,Store B,EMP_002,2025-11-30 16:48:47.751438,10
POS_000150,343.65,Debit Card,Store B,EMP_035,2025-12-08 16:48:47.751459,16
POS_000151,217.94,Credit Card,Online,EMP_009,2025-11-25 16:48:47.751480,17
POS_000152,349.41,Debit Card,Store A,EMP_021,2025-12-01 16:48:47.751502,8
POS_000153,149.4,Cash,Store C,EMP_018,2025-11-28 16:48:47.751524,8
POS_000154,233.78,Credit Card,Online,EMP_018,2025-11-30 16:48:47.751545,18
POS_000155,149.47,Cash,Store B,EMP_034,2025-11-11 16:48:47.751566,8
POS_000156,28.4,Cash,Online,EMP_031,2025-11-16 16:48:47.751590,3
POS_000157,388.3,Credit Card,Store C,EMP_034,2025-11-19 16:48:47.751610,1
POS_000158,462.26,Debit Card,Online,EMP_002,2025-11-17 16:48:47.751637,18
POS_000159,284.45,Contactless,Online,EMP_008,2025-11-30 16:48:47.751662,4
POS_000160,26.2,Debit Card,Store A,EMP_029,2025-11-13 16:48:47.751683,19
POS_000161,40.63,Debit Card,Store C,EMP_018,2025-11-25 16:48:47.751704,4
POS_000162,50.6,Debit Card,Store A,EMP_044,2025-11-14 16:48:47.751725,15
POS_000163,437.45,Cash,Store B,EMP_021,2025-11-12 16:48:47.751747,13
POS_000164,309.92,Debit Card,Store A,EMP_034,2025-11-29 16:48:47.751768,17
POS_000165,382.62,Credit Card,Store B,EMP_018,2025-11-28 16:48:47.751790,17
POS_000166,277.78,Contactless,Store C,EMP_041,2025-11-13 16:48:47.751812,3
POS_000167,343.3,Credit Card,Store A,EMP_020,2025-12-01 16:48:47.751833,13
POS_000168,430.7,Cash,Store C,EMP_048,2025-11-19 16:48:47.751854,11
POS_000169,145.06,Cash,Store B,EMP_018,2025-12-06 16:48:47.751875,19
POS_000170,175.66,Credit Card,Store A,EMP_014,2025-12-08 16:48:47.751895,3
POS_000171,128.97,Credit Card,Online,EMP_040,2025-11-27 16:48:47.751916,17
POS_000172,142.59,Cash,Online,EMP_012,2025-11-15 16:48:47.751937,18
POS_000173,50.91,Contactless,Store B,EMP_003,2025-11-29 16:48:47.751958,14
POS_000174,43.19,Cash,Online,EMP_036,2025-11-17 16:48:47.751979,15
POS_000175,463.51,Contactless,Store B,EMP_042,2025-11-18 16:48:47.752000,4
POS_000176,14.47,Cash,Store A,EMP_002,2025-11-21 16:48:47.752021,2
POS_000177,216.37,Debit Card,Online,EMP_047,2025-12-03 16:48:47.752042,16
POS_000178,452.94,Contactless,Store C,EMP_038,2025-12-07 16:48:47.752063,4
POS_000179,478.86,Debit Card,Store B,EMP_030,2025-11-10 16:48:47.752084,8
POS_000180,377.17,Debit Card,Store B,EMP_017,2025-11-11 16:48:47.752105,4
POS_000181,436.15,Cash,Online,EMP_042,2025-12-04 16:48:47.752125,8
POS_000182,244.66,Cash,Store B,EMP_026,2025-11-24 16:48:47.752146,18
POS_000183,497.63,Debit Card,Store A,EMP_013,2025-11-10 16:48:47.752167,7
POS_000184,388.74,Debit Card,Store B,EMP_043,2025-12-09 16:48:47.752187,18
POS_000185,464.14,Debit Card,Store C,EMP_047,2025-11-17 16:48:47.752208,9
POS_000186,115.76,Debit Card,Online,EMP_043,2025-11-20 16:48:47.752229,12
POS_000187,179.29,Credit Card,Online,EMP_024,2025-12-03 16:48:47.752249,17
POS_000188,289.12,Cash,Store B,EMP_010,2025-11-14 16:48:47.752270,6
POS_000189,235.93,Contactless,Store C,EMP_027,2025-11-27 16:48:47.752290,5
POS_000190,36.2,Cash,Online,EMP_005,2025-11-30 16:48:47.752311,7
POS_000191,181.49,Debit Card,Store C,EMP_003,2025-11-20 16:48:47.752332,13
POS_000192,215.7,Cash,Store A,EMP_047,2025-11-20 16:48:47.752352,8
POS_000193,339.61,Cash,Online,EMP_024,2025-12-08 16:48:47.752373,10
POS_000194,153.6,Cash,Store B,EMP_032,2025-11-13 16:48:47.752394,14
POS_000195,287.03,Credit Card,Store B,EMP_043,2025-11-24 16:48:47.752415,10
POS_000196,131.17,Credit Card,Store A,EMP_023,2025-12-09 16:48:47.752435,17
POS_000197,126.77,Cash,Store A,EMP_001,2025-11-25 16:48:47.752456,5
POS_000198,282.27,Cash,Store B,EMP_020,2025-11-26 16:48:47.752476,11
POS_000199,441.14,Contactless,Store C,EMP_025,2025-12-04 16:48:47.752497,16
POS_000200,150.85,Debit Card,Store C,EMP_015,2025-12-08 16:48:47.752518,9
POS_000201,68.97,Debit Card,Online,EMP_018,2025-11-16 16:48:47.752539,6
POS_000202,324.19,Cash,Online,EMP_023,2025-11-25 16:48:47.752560,17
POS_000203,378.23,Credit Card,Store C,EMP_025,2025-12-06 16:48:47.752581,9
POS_000204,187.09,Debit Card,Store C,EMP_047,2025-11-28 16:48:47.752602,2
POS_000205,179.64,Credit Card,Online,EMP_037,2025-11-20 16:48:47.752622,7
POS_000206,84.4,Debit Card,Store B,EMP_025,2025-11-16 16:48:47.752650,19
POS_000207,136.11,Cash,Online,EMP_028,2025-11-13 16:48:47.752672,4
POS_000208,185.13,Debit Card,Store B,EMP_021,2025-11-13 16:48:47.752693,16
POS_000209,35.45,Contactless,Store A,EMP_040,2025-11-15 16:48:47.752714,12
POS_000210,5.86,Debit Card,Online,EMP_009,2025-11-24 16:48:47.752734,19
POS_000211,226.37,Cash,Store C,EMP_022,2025-12-06 16:48:47.752755,14
POS_000212,130.58,Debit Card,Store C,EMP_045,2025-12-06 16:48:47.752776,14
POS_000213,135.65,Cash,Store A,EMP_049,2025-12-03 16:48:47.752796,9
POS_000214,499.85,Debit Card,Store B,EMP_023,2025-12-06 16:48:47.752817,18
POS_000215,474.98,Cash,Store C,EMP_046,2025-11-28 16:48:47.752837,19
POS_000216,436.43,Debit Card,Store C,EMP_017,2025-11-18 16:48:47.752858,17
POS_000217,92.93,Contactless,Online,EMP_049,2025-11-20 16:48:47.752878,6
POS_000218,176.23,Debit Card,Store C,EMP_048,2025-12-03 16:48:47.752899,18
POS_000219,436.1,Cash,Store C,EMP_044,2025-11-26 16:48:47.752920,10
POS_000220,152.35,Debit Card,Store A,EMP_012,2025-11-13 16:48:47.752942,2
POS_000221,76.04,Cash,Online,EMP_014,2025-11-24 16:48:47.752963,13
POS_000222,22.59,Debit Card,Online,EMP_031,2025-12-03 16:48:47.752983,7
POS_000223,128.17,Credit Card,Store A,EMP_032,2025-12-01 16:48:47.753004,1
POS_000224,143.73,Credit Card,Store C,EMP_038,2025-11-10 16:48:47.753025,16
POS_000225,105.55,Cash,Store B,EMP_047,2025-11-29 16:48:47.753046,4
POS_000226,308.13,Credit Card,Store A,EMP_037,2025-11-20 16:48:47.753066,10
POS_000227,295.12,Debit Card,Store B,EMP_035,2025-11-27 16:48:47.753087,8
POS_000228,49.27,Cash,Store A,EMP_042,2025-11-10 16:48:47.753107,11
POS_000229,70.38,Credit Card,Store A,EMP_029,2025-11-26 16:48:47.753128,19
POS_000230,301.18,Credit Card,Store C,EMP_042,2025-11-18 16:48:47.753148,19
POS_000231,300.5,Debit Card,Store B,EMP_032,2025-12-01 16:48:47.753169,7
POS_000232,283.23,Debit Card,Store C,EMP_014,2025-11-12 16:48:47.753189,6
POS_000233,176.16,Cash,Store A,EMP_008,2025-11-18 16:48:47.753210,5
POS_000234,54.98,Debit Card,Store A,EMP_013,2025-11-28 16:48:47.753232,14
POS_000235,408.5,Cash,Store A,EMP_047,2025-11-17 16:48:47.753253,19
POS_000236,96.59,Contactless,Store B,EMP_019,2025-12-07 16:48:47.753274,13
POS_000237,464.23,Credit Card,Store B,EMP_017,2025-12-04 16:48:47.753294,11
POS_000238,477.46,Credit Card,Store B,EMP_036,2025-12-07 16:48:47.753314,11
POS_000239,339.41,Cash,Store C,EMP_003,2025-12-09 16:48:47.753335,17
POS_000240,329.66,Debit Card,Store B,EMP_041,2025-11-24 16:48:47.753356,4
POS_000241,213.73,Contactless,Store A,EMP_041,2025-12-06 16:48:47.753377,4
POS_000242,370.55,Credit Card,Store B,EMP_034,2025-11-27 16:48:47.753397,5
POS_000243,453.27,Contactless,Store B,EMP_043,2025-12-07 16:48:47.753419,17
POS_000244,277.26,Credit Card,Store B,EMP_038,2025-11-29 16:48:47.753440,10
POS_000245,238.49,Debit Card,Store B,EMP_023,2025-11-12 16:48:47.753461,18
POS_000246,71.27,Debit Card,Store C,EMP_039,2025-11-24 16:48:47.753481,11
POS_000247,332.89,Debit Card,Store B,EMP_034,2025-12-09 16:48:47.753502,18
POS_000248,446.93,Credit Card,Store A,EMP_021,2025-12-04 16:48:47.753523,10
POS_000249,334.69,Debit Card,Store A,EMP_025,2025-11-15 16:48:47.753544,11
POS_000250,355.44,Debit Card,Store C,EMP_024,2025-12-04 16:48:47.753564,19
POS_000251,306.41,Credit Card,Store B,EMP_034,2025-11-18 16:48:47.753585,4
POS_000252,80.32,Debit Card,Store C,EMP_002,2025-12-06 16:48:47.753606,13
POS_000253,138.47,Debit Card,Online,EMP_006,2025-12-07 16:48:47.753627,16
POS_000254,351.61,Debit Card,Online,EMP_043,2025-11-24 16:48:47.753655,17
POS_000255,97.72,Cash,Store B,EMP_040,2025-11-24 16:48:47.753677,6
POS_000256,346.23,Credit Card,Store A,EMP_029,2025-11-16 16:48:47.753697,10
POS_000257,93.29,Cash,Store A,EMP_024,2025-12-06 16:48:47.753719,16
POS_000258,345.07,Contactless,Store A,EMP_044,2025-12-03 16:48:47.753740,2
POS_000259,65.55,Cash,Store A,EMP_034,2025-11-15 16:48:47.753760,3
POS_000260,111.48,Cash,Store A,EMP_036,2025-11-18 16:48:47.753781,15
POS_000261,122.13,Contactless,Online,EMP_021,2025-12-05 16:48:47.753802,13
POS_000262,289.25,Debit Card,Store A,EMP_004,2025-11-19 16:48:47.753823,5
POS_000263,442.18,Credit Card,Store A,EMP_003,2025-11-30 16:48:47.753844,13
POS_000264,205.09,Debit Card,Store A,EMP_003,2025-12-01 16:48:47.753865,13
POS_000265,187.0,Credit Card,Store C,EMP_035,2025-11-29 16:48:47.753885,10
POS_000266,304.06,Contactless,Store C,EMP_029,2025-12-05 16:48:47.753906,16
POS_000267,481.03,Debit Card,Store A,EMP_034,2025-11-26 16:48:47.753928,19
POS_000268,247.93,Debit Card,Store B,EMP_037,2025-12-01 16:48:47.753949,19
POS_000269,138.59,Credit Card,Store C,EMP_020,2025-11-28 16:48:47.753970,16
POS_000270,353.36,Contactless,Store C,EMP_037,2025-11-29 16:48:47.753992,9
POS_000271,289.71,Contactless,Store B,EMP_042,2025-11-27 16:48:47.754012,5
POS_000272,441.23,Cash,Store C,EMP_039,2025-11-12 16:48:47.754033,4
POS_000273,477.94,Debit Card,Store B,EMP_023,2025-11-27 16:48:47.754053,13
POS_000274,94.34,Debit Card,Store A,EMP_049,2025-11-22 16:48:47.754074,11
POS_000275,219.53,Cash,Store B,EMP_034,2025-11-22 16:48:47.754094,18
POS_000276,17.73,Credit Card,Store A,EMP_049,2025-12-01 16:48:47.754115,12
POS_000277,247.73,Credit Card,Online,EMP_020,2025-12-04 16:48:47.754135,9
POS_000278,481.98,Contactless,Store A,EMP_012,2025-11-17 16:48:47.754156,1
POS_000279,485.71,Credit Card,Store C,EMP_037,2025-12-03 16:48:47.754176,2
POS_000280,274.16,Credit Card,Store B,EMP_040,2025-11-28 16:48:47.754197,8
POS_000281,424.8,Contactless,Online,EMP_030,2025-11-27 16:48:47.754218,5
POS_000282,43.79,Debit Card,Store A,EMP_007,2025-11-12 16:48:47.754238,11
POS_000283,380.81,Credit Card,Online,EMP_015,2025-11-29 16:48:47.754259,18
POS_000284,21.26,Debit Card,Store A,EMP_011,2025-11-20 16:48:47.754279,9
POS_000285,86.91,Contactless,Online,EMP_048,2025-11-27 16:48:47.754301,15
POS_000286,89.55,Debit Card,Store B,EMP_043,2025-11-21 16:48:47.754321,19
POS_000287,181.82,Credit Card,Store A,EMP_049,2025-11-12 16:48:47.754342,18
POS_000288,436.25,Credit Card,Online,EMP_004,2025-11-14 16:48:47.754363,14
POS_000289,163.2,Credit Card,Store A,EMP_021,2025-11-21 16:48:47.754384,9
POS_000290,332.71,Contactless,Store B,EMP_012,2025-12-05 16:48:47.754405,1
POS_000291,387.38,Contactless,Store C,EMP_006,2025-12-07 16:48:47.754426,6
POS_000292,84.93,Credit Card,Online,EMP_049,2025-12-07 16:48:47.754447,6
POS_000293,18.13,Cash,Store A,EMP_017,2025-12-03 16:48:47.754467,1
POS_000294,431.39,Contactless,Online,EMP_026,2025-12-08 16:48:47.754488,12
POS_000295,478.77,Debit Card,Store C,EMP_018,2025-12-09 16:48:47.754509,1
POS_000296,19.16,Cash,Store C,EMP_023,2025-12-04 16:48:47.754529,15
POS_000297,154.34,Credit Card,Store A,EMP_039,2025-11-12 16:48:47.754551,5
POS_000298,158.25,Debit Card,Store A,EMP_030,2025-11-17 16:48:47.754572,14
POS_000299,229.77,Debit Card,Store A,EMP_035,2025-11-19 16:48:47.754592,8
POS_000300,340.92,Contactless,Store C,EMP_041,2025-11-24 16:48:47.754613,10
POS_000301,278.82,Credit Card,Online,EMP_028,2025-11-18 16:48:47.754639,12
POS_000302,225.87,Cash,Store A,EMP_007,2025-11-16 16:48:47.754664,8
POS_000303,10.81,Debit Card,Store B,EMP_011,2025-12-01 16:48:47.754684,6
POS_000304,333.93,Credit Card,Store A,EMP_023,2025-11-14 16:48:47.754705,18
POS_000305,71.62,Cash,Store B,EMP_049,2025-12-07 16:48:47.754726,4
POS_000306,495.27,Debit Card,Store A,EMP_039,2025-11-16 16:48:47.754747,4
POS_000307,445.93,Debit Card,Store A,EMP_015,2025-11-21 16:48:47.754767,19
POS_000308,200.68,Cash,Store B,EMP_020,2025-12-07 16:48:47.754788,9
POS_000309,417.76,Credit Card,Store B,EMP_004,2025-12-06 16:48:47.754809,3
POS_000310,489.96,Cash,Store C,EMP_015,2025-11-13 16:48:47.754830,12
POS_000311,481.32,Credit Card,Store C,EMP_027,2025-11-16 16:48:47.754851,4
POS_000312,200.47,Debit Card,Store A,EMP_021,2025-11-29 16:48:47.754872,18
POS_000313,297.3,Debit Card,Store C,EMP_044,2025-11-26 16:48:47.754893,19
POS_000314,446.7,Debit Card,Store C,EMP_044,2025-11-12 16:48:47.754913,10
POS_000315,83.35,Debit Card,Online,EMP_001,2025-11-30 16:48:47.754934,19
POS_000316,398.84,Debit Card,Store A,EMP_009,2025-12-08 16:48:47.754955,6
POS_000317,19.18,Debit Card,Store C,EMP_040,2025-11-18 16:48:47.754975,13
POS_000318,341.47,Debit Card,Online,EMP_022,2025-12-09 16:48:47.754997,15
POS_000319,351.05,Debit Card,Store C,EMP_042,2025-11-24 16:48:47.755017,15
POS_000320,107.34,Contactless,Store C,EMP_017,2025-12-08 16:48:47.755038,1
POS_000321,334.7,Contactless,Store A,EMP_019,2025-11-22 16:48:47.755059,9
POS_000322,443.14,Credit Card,Store B,EMP_008,2025-11-22 16:48:47.755080,8
POS_000323,286.16,Cash,Online,EMP_032,2025-11-28 16:48:47.755101,2
POS_000324,368.47,Debit Card,Store A,EMP_027,2025-12-03 16:48:47.755122,11
POS_000325,264.56,Contactless,Store A,EMP_045,2025-11-21 16:48:47.755142,11
POS_000326,154.05,Contactless,Store A,EMP_007,2025-12-06 16:48:47.755162,9
POS_000327,427.67,Debit Card,Store A,EMP_049,2025-11-28 16:48:47.755183,16
POS_000328,325.87,Cash,Store C,EMP_017,2025-12-01 16:48:47.755203,4
POS_000329,456.25,Cash,Store A,EMP_029,2025-12-08 16:48:47.755224,14
POS_000330,442.28,Debit Card,Store B,EMP_034,2025-11-12 16:48:47.755244,17
POS_000331,26.11,Debit Card,Online,EMP_036,2025-11-13 16:48:47.755265,9
POS_000332,73.54,Contactless,Store B,EMP_028,2025-11-13 16:48:47.755285,14
POS_000333,368.52,Cash,Online,EMP_040,2025-11-24 16:48:47.755306,12
POS_000334,244.26,Debit Card,Online,EMP_032,2025-12-03 16:48:47.755327,13
POS_000335,65.97,Cash,Store B,EMP_015,2025-12-09 16:48:47.755348,19
POS_000336,225.83,Debit Card,Store C,EMP_044,2025-12-02 16:48:47.755368,7
POS_000337,366.22,Debit Card,Store B,EMP_034,2025-12-01 16:48:47.755389,13
POS_000338,409.14,Cash,Store B,EMP_037,2025-11-18 16:48:47.755410,18
POS_000339,331.43,Contactless,Store B,EMP_029,2025-11-27 16:48:47.755430,12
POS_000340,197.08,Cash,Store A,EMP_040,2025-12-01 16:48:47.755451,14
POS_000341,36.23,Debit Card,Store A,EMP_044,2025-11-20 16:48:47.755472,2
POS_000342,66.84,Debit Card,Store A,EMP_035,2025-12-03 16:48:47.755493,15
POS_000343,397.66,Debit Card,Store A,EMP_043,2025-11-14 16:48:47.755513,1
POS_000344,386.41,Contactless,Store C,EMP_002,2025-11-22 16:48:47.755535,1
POS_000345,213.18,Credit Card,Store C,EMP_026,2025-11-10 16:48:47.755556,12
POS_000346,237.19,Debit Card,Store A,EMP_017,2025-12-03 16:48:47.755576,1
POS_000347,223.79,Debit Card,Store A,EMP_024,2025-11-14 16:48:47.755597,4
POS_000348,17.39,Credit Card,Store B,EMP_033,2025-11-24 16:48:47.755617,6
POS_000349,62.65,Cash,Store C,EMP_007,2025-11-27 16:48:47.755644,7
POS_000350,253.24,Contactless,Store A,EMP_021,2025-11-27 16:48:47.755667,19
POS_000351,237.06,Debit Card,Store C,EMP_041,2025-11-13 16:48:47.755688,13
POS_000352,35.27,Credit Card,Store A,EMP_014,2025-11-23 16:48:47.755709,17
POS_000353,408.7,Debit Card,Online,EMP_010,2025-12-06 16:48:47.755729,12
POS_000354,480.76,Cash,Store A,EMP_012,2025-11-12 16:48:47.755753,6
POS_000355,330.7,Debit Card,Online,EMP_030,2025-11-20 16:48:47.755774,19
POS_000356,63.03,Cash,Store C,EMP_039,2025-11-30 16:48:47.755795,14
POS_000357,274.04,Debit Card,Store C,EMP_025,2025-12-01 16:48:47.755816,18
POS_000358,354.87,Contactless,Store A,EMP_014,2025-11-15 16:48:47.755837,9
POS_000359,106.18,Contactless,Store A,EMP_010,2025-11-20 16:48:47.755857,17
POS_000360,22.66,Cash,Store B,EMP_021,2025-12-07 16:48:47.755878,12
POS_000361,187.7,Debit Card,Store B,EMP_023,2025-11-11 16:48:47.755900,14
POS_000362,184.31,Debit Card,Store B,EMP_037,2025-11-16 16:48:47.755921,12
POS_000363,442.21,Contactless,Store B,EMP_013,2025-11-11 16:48:47.755942,5
POS_000364,394.97,Debit Card,Store A,EMP_027,2025-12-08 16:48:47.755963,9
POS_000365,238.63,Cash,Store B,EMP_004,2025-11-10 16:48:47.755983,4
POS_000366,172.28,Cash,Store B,EMP_007,2025-12-07 16:48:47.756004,13
POS_000367,491.04,Credit Card,Online,EMP_038,2025-11-25 16:48:47.756025,18
POS_000368,8.33,Cash,Store C,EMP_030,2025-12-08 16:48:47.756046,14
POS_000369,369.75,Credit Card,Store A,EMP_006,2025-11-23 16:48:47.756067,3
POS_000370,144.45,Cash,Store C,EMP_029,2025-11-23 16:48:47.756089,13
POS_000371,213.87,Debit Card,Store B,EMP_043,2025-12-03 16:48:47.756109,17
POS_000372,10.97,Contactless,Store C,EMP_030,2025-11-30 16:48:47.756130,13
POS_000373,474.26,Credit Card,Store A,EMP_016,2025-11-16 16:48:47.756151,15
POS_000374,336.8,Debit Card,Store A,EMP_009,2025-11-17 16:48:47.756171,6
POS_000375,317.99,Debit Card,Online,EMP_034,2025-11-24 16:48:47.756192,3
POS_000376,114.08,Debit Card,Store A,EMP_012,2025-11-28 16:48:47.756213,16
POS_000377,334.99,Debit Card,Store A,EMP_001,2025-11-22 16:48:47.756234,8
POS_000378,405.96,Credit Card,Store B,EMP_003,2025-11-27 16:48:47.756255,4
POS_000379,449.69,Credit Card,Store C,EMP_023,2025-11-23 16:48:47.756276,12
POS_000380,144.04,Cash,Online,EMP_028,2025-12-02 16:48:47.756297,2
POS_000381,210.73,Debit Card,Online,EMP_034,2025-12-03 16:48:47.756318,19
POS_000382,372.24,Cash,Store A,EMP_047,2025-12-01 16:48:47.756339,10
POS_000383,312.33,Credit Card,Store C,EMP_027,2025-12-08 16:48:47.756360,5
POS_000384,71.15,Credit Card,Store A,EMP_016,2025-12-06 16:48:47.756381,3
POS_000385,347.27,Debit Card,Online,EMP_018,2025-11-17 16:48:47.756402,18
POS_000386,237.15,Credit Card,Store A,EMP_013,2025-11-25 16:48:47.756423,3
POS_000387,491.53,Contactless,Online,EMP_011,2025-11-26 16:48:47.756444,2
POS_000388,187.9,Contactless,Store B,EMP_010,2025-11-27 16:48:47.756465,14
POS_000389,180.28,Cash,Store C,EMP_003,2025-12-09 16:48:47.756485,14
POS_000390,372.08,Debit Card,Store B,EMP_042,2025-12-07 16:48:47.756505,9
POS_000391,340.96,Contactless,Store A,EMP_002,2025-12-08 16:48:47.756526,18
POS_000392,230.1,Credit Card,Online,EMP_041,2025-11-23 16:48:47.756547,10
POS_000393,10.78,Debit Card,Store C,EMP_039,2025-11-14 16:48:47.756568,7
POS_000394,429.91,Cash,Store B,EMP_021,2025-12-01 16:48:47.756589,13
POS_000395,137.39,Credit Card,Store A,EMP_016,2025-11-23 16:48:47.756609,19
POS_000396,99.26,Credit Card,Online,EMP_017,2025-11-12 16:48:47.756635,4
POS_000397,388.67,Cash,Store C,EMP_019,2025-11-21 16:48:47.756661,1
POS_000398,124.68,Debit Card,Store A,EMP_046,2025-11-10 16:48:47.756684,19
POS_000399,157.27,Debit Card,Online,EMP_028,2025-11-22 16:48:47.756706,16
POS_000400,235.66,Contactless,Store A,EMP_013,2025-11-23 16:48:47.756752,14
POS_000401,256.55,Contactless,Online,EMP_042,2025-12-03 16:48:47.756773,10
POS_000402,160.17,Contactless,Store A,EMP_047,2025-11-12 16:48:47.756796,4
POS_000403,456.65,Debit Card,Online,EMP_031,2025-11-28 16:48:47.756820,15
POS_000404,333.3,Cash,Store B,EMP_045,2025-11-10 16:48:47.756843,14
POS_000405,389.28,Cash,Store B,EMP_004,2025-12-06 16:48:47.756865,9
POS_000406,399.08,Debit Card,Store C,EMP_037,2025-11-11 16:48:47.756888,15
POS_000407,378.13,Contactless,Store C,EMP_042,2025-12-04 16:48:47.756910,16
POS_000408,395.02,Contactless,Store B,EMP_025,2025-12-09 16:48:47.756931,18
POS_000409,208.76,Contactless,Store A,EMP_015,2025-12-02 16:48:47.756953,5
POS_000410,348.62,Debit Card,Store A,EMP_025,2025-11-25 16:48:47.756983,2
POS_000411,208.14,Contactless,Store A,EMP_039,2025-11-22 16:48:47.757013,18
POS_000412,264.96,Credit Card,Online,EMP_012,2025-12-06 16:48:47.757038,14
POS_000413,293.99,Credit Card,Store A,EMP_030,2025-11-30 16:48:47.757062,19
POS_000414,116.55,Credit Card,Store A,EMP_042,2025-12-07 16:48:47.757085,1
POS_000415,177.78,Cash,Store C,EMP_031,2025-11-23 16:48:47.757109,2
POS_000416,369.21,Credit Card,Store C,EMP_024,2025-11-27 16:48:47.757132,13
POS_000417,42.16,Credit Card,Online,EMP_030,2025-11-24 16:48:47.757156,2
POS_000418,152.05,Debit Card,Store B,EMP_030,2025-11-18 16:48:47.757180,16
POS_000419,12.56,Debit Card,Store B,EMP_045,2025-11-25 16:48:47.757204,1
POS_000420,396.73,Debit Card,Store B,EMP_034,2025-11-21 16:48:47.757228,19
POS_000421,183.4,Debit Card,Store A,EMP_005,2025-12-03 16:48:47.757252,14
POS_000422,446.36,Debit Card,Online,EMP_006,2025-11-23 16:48:47.757276,10
POS_000423,183.88,Debit Card,Store B,EMP_006,2025-11-27 16:48:47.757300,18
POS_000424,184.94,Debit Card,Store A,EMP_030,2025-11-29 16:48:47.757325,15
POS_000425,236.41,Contactless,Store A,EMP_036,2025-11-13 16:48:47.757349,16
POS_000426,197.48,Debit Card,Store A,EMP_028,2025-12-06 16:48:47.757373,8
POS_000427,177.57,Cash,Store A,EMP_042,2025-12-09 16:48:47.757397,2
POS_000428,273.53,Debit Card,Store A,EMP_005,2025-12-06 16:48:47.757420,16
POS_000429,120.69,Debit Card,Store A,EMP_046,2025-11-11 16:48:47.757445,14
POS_000430,111.73,Credit Card,Store B,EMP_017,2025-11-19 16:48:47.757467,5
POS_000431,175.05,Credit Card,Online,EMP_026,2025-11-12 16:48:47.757489,12
POS_000432,434.2,Cash,Store B,EMP_010,2025-12-06 16:48:47.757511,5
POS_000433,297.7,Contactless,Store B,EMP_025,2025-12-02 16:48:47.757534,5
POS_000434,434.83,Credit Card,Online,EMP_009,2025-11-12 16:48:47.757558,2
POS_000435,157.86,Contactless,Online,EMP_033,2025-12-07 16:48:47.757580,16
POS_000436,28.35,Credit Card,Store A,EMP_030,2025-11-22 16:48:47.757605,9
POS_000437,150.1,Cash,Online,EMP_033,2025-11-11 16:48:47.757664,16
POS_000438,493.67,Debit Card,Store C,EMP_034,2025-11-26 16:48:47.757694,15
POS_000439,120.65,Cash,Store A,EMP_039,2025-11-15 16:48:47.757716,11
POS_000440,195.64,Debit Card,Store C,EMP_002,2025-11-13 16:48:47.757738,5
POS_000441,321.48,Cash,Online,EMP_041,2025-11-24 16:48:47.757760,5
POS_000442,299.19,Debit Card,Online,EMP_038,2025-12-04 16:48:47.757783,3
POS_000443,31.56,Debit Card,Online,EMP_024,2025-11-13 16:48:47.757809,2
POS_000444,458.84,Contactless,Online,EMP_030,2025-11-22 16:48:47.757835,10
POS_000445,54.95,Contactless,Store B,EMP_007,2025-11-11 16:48:47.757859,13
POS_000446,291.33,Contactless,Store C,EMP_004,2025-11-17 16:48:47.757882,19
POS_000447,214.47,Contactless,Online,EMP_030,2025-12-09 16:48:47.757907,4
POS_000448,174.33,Debit Card,Store A,EMP_022,2025-12-04 16:48:47.757931,13
POS_000449,322.35,Debit Card,Store A,EMP_033,2025-11-10 16:48:47.757959,15
POS_000450,25.58,Debit Card,Online,EMP_013,2025-12-09 16:48:47.757983,5
POS_000451,12.34,Debit Card,Store A,EMP_034,2025-11-19 16:48:47.758008,11
POS_000452,352.26,Contactless,Online,EMP_015,2025-12-07 16:48:47.758033,4
POS_000453,426.87,Contactless,Store A,EMP_031,2025-12-01 16:48:47.758056,2
POS_000454,434.05,Contactless,Store C,EMP_021,2025-11-22 16:48:47.758077,16
POS_000455,191.83,Credit Card,Online,EMP_043,2025-11-29 16:48:47.758099,1
POS_000456,81.6,Credit Card,Store C,EMP_003,2025-12-02 16:48:47.758120,1
POS_000457,229.07,Debit Card,Online,EMP_014,2025-12-02 16:48:47.758140,9
POS_000458,381.19,Debit Card,Store B,EMP_006,2025-12-08 16:48:47.758161,7
POS_000459,291.42,Cash,Store B,EMP_013,2025-11-21 16:48:47.758180,4
POS_000460,189.85,Credit Card,Store A,EMP_016,2025-11-19 16:48:47.758200,3
POS_000461,25.0,Contactless,Store A,EMP_042,2025-11-15 16:48:47.758219,2
POS_000462,216.82,Credit Card,Online,EMP_004,2025-12-07 16:48:47.758239,17
POS_000463,72.48,Debit Card,Store B,EMP_015,2025-11-27 16:48:47.758258,16
POS_000464,206.21,Contactless,Store A,EMP_010,2025-11-17 16:48:47.758277,1
POS_000465,185.02,Contactless,Online,EMP_004,2025-12-02 16:48:47.758297,9
POS_000466,99.79,Cash,Online,EMP_039,2025-11-26 16:48:47.758316,9
POS_000467,263.1,Debit Card,Store C,EMP_012,2025-11-27 16:48:47.758335,3
POS_000468,196.86,Cash,Store C,EMP_006,2025-11-12 16:48:47.758355,6
POS_000469,22.97,Contactless,Store C,EMP_034,2025-11-30 16:48:47.758374,4
POS_000470,11.57,Contactless,Store C,EMP_033,2025-12-06 16:48:47.758393,8
POS_000471,222.46,Credit Card,Store A,EMP_011,2025-11-25 16:48:47.758413,7
POS_000472,335.53,Debit Card,Store A,EMP_017,2025-11-21 16:48:47.758434,19
POS_000473,242.97,Cash,Store A,EMP_012,2025-11-23 16:48:47.758454,3
POS_000474,373.73,Debit Card,Store A,EMP_031,2025-11-16 16:48:47.758473,19
POS_000475,217.32,Debit Card,Online,EMP_032,2025-11-16 16:48:47.758493,9
POS_000476,344.78,Debit Card,Store B,EMP_003,2025-11-12 16:48:47.758512,18
POS_000477,329.84,Credit Card,Store C,EMP_040,2025-11-25 16:48:47.758532,10
POS_000478,122.14,Debit Card,Online,EMP_001,2025-12-01 16:48:47.758551,3
POS_000479,207.6,Cash,Store C,EMP_029,2025-12-04 16:48:47.758570,12
POS_000480,6.59,Cash,Store B,EMP_048,2025-11-20 16:48:47.758590,1
POS_000481,478.49,Credit Card,Store A,EMP_010,2025-12-03 16:48:47.758609,16
POS_000482,297.43,Contactless,Store A,EMP_015,2025-12-06 16:48:47.758628,16
POS_000483,416.23,Credit Card,Online,EMP_048,2025-11-19 16:48:47.758657,16
POS_000484,296.14,Credit Card,Store B,EMP_046,2025-11-22 16:48:47.758676,17
POS_000485,190.85,Cash,Online,EMP_003,2025-11-11 16:48:47.758696,7
POS_000486,224.15,Contactless,Store A,EMP_045,2025-11-23 16:48:47.758715,18
POS_000487,222.31,Credit Card,Online,EMP_031,2025-11-11 16:48:47.758735,12
POS_000488,414.42,Cash,Store C,EMP_032,2025-12-06 16:48:47.758754,7
POS_000489,469.71,Cash,Store B,EMP_024,2025-11-20 16:48:47.758774,6
POS_000490,163.35,Credit Card,Store C,EMP_036,2025-12-04 16:48:47.758794,11
POS_000491,217.62,Contactless,Store A,EMP_042,2025-11-12 16:48:47.758813,7
POS_000492,401.93,Credit Card,Store B,EMP_003,2025-11-10 16:48:47.758832,3
POS_000493,361.16,Contactless,Store A,EMP_028,2025-12-01 16:48:47.758852,11
POS_000494,404.63,Credit Card,Online,EMP_028,2025-11-29 16:48:47.758871,2
POS_000495,270.52,Contactless,Store B,EMP_002,2025-12-03 16:48:47.758891,11
POS_000496,307.67,Debit Card,Store A,EMP_012,2025-11-18 16:48:47.758910,6
POS_000497,236.76,Cash,Store B,EMP_002,2025-11-12 16:48:47.758930,19
POS_000498,342.19,Credit Card,Online,EMP_027,2025-11-28 16:48:47.758949,12
POS_000499,417.29,Debit Card,Store C,EMP_040,2025-11-16 16:48:47.758969,2
POS_000500,71.39,Credit Card,Store C,EMP_021,2025-12-01 16:48:47.758990,2
