payment_id,amount,fee,net_amount,currency,payment_method,status,date,customer_id
PAY_000001,787.82,16.91,770.9,USD,Digital Wallet,Succeeded,2025-09-17 16:48:47.713163,CUST_0783
PAY_000002,820.72,24.97,795.75,USD,Digital Wallet,Succeeded,2025-10-21 16:48:47.713222,CUST_0197
PAY_000003,47.6,2.18,45.42,USD,Debit Card,Succeeded,2025-11-10 16:48:47.713256,CUST_0065
PAY_000004,582.38,19.65,562.73,USD,Digital Wallet,Succeeded,2025-10-24 16:48:47.713285,CUST_0623
PAY_000005,726.11,29.53,696.58,USD,Credit Card,Succeeded,2025-09-29 16:48:47.713313,CUST_0209
PAY_000006,112.9,4.41,108.49,USD,Digital Wallet,Succeeded,2025-10-20 16:48:47.713339,CUST_0107
PAY_000007,173.36,7.47,165.89,USD,Digital Wallet,Succeeded,2025-11-30 16:48:47.713365,CUST_0677
PAY_000008,563.8,28.16,535.64,USD,Credit Card,Succeeded,2025-10-28 16:48:47.713391,CUST_0710
PAY_000009,174.99,4.47,170.51,USD,Digital Wallet,Succeeded,2025-10-11 16:48:47.713432,CUST_0815
PAY_000010,486.12,14.78,471.34,USD,Credit Card,Succeeded,2025-10-28 16:48:47.713512,CUST_0901
PAY_000011,306.2,8.76,297.44,USD,Debit Card,Succeeded,2025-11-21 16:48:47.713557,CUST_0607
PAY_000012,583.63,14.56,569.07,USD,Credit Card,Succeeded,2025-10-25 16:48:47.713585,CUST_0896
PAY_000013,413.27,16.9,396.37,USD,Digital Wallet,Succeeded,2025-11-02 16:48:47.713612,CUST_0386
PAY_000014,832.12,21.75,810.36,USD,Digital Wallet,Succeeded,2025-10-11 16:48:47.713724,CUST_0878
PAY_000015,717.32,34.67,682.65,USD,Debit Card,Succeeded,2025-11-28 16:48:47.713763,CUST_0194
PAY_000016,483.56,15.85,467.7,USD,Credit Card,Succeeded,2025-10-25 16:48:47.713791,CUST_0383
PAY_000017,823.75,38.75,785.0,USD,Digital Wallet,Succeeded,2025-09-16 16:48:47.713818,CUST_0606
PAY_000018,902.37,44.48,857.89,USD,Debit Card,Succeeded,2025-10-23 16:48:47.713846,CUST_0263
PAY_000019,946.76,19.54,927.21,USD,Credit Card,Succeeded,2025-11-15 16:48:47.713941,CUST_0620
PAY_000020,135.84,3.37,132.46,USD,Digital Wallet,Succeeded,2025-11-22 16:48:47.714059,CUST_0095
PAY_000021,459.62,10.45,449.17,USD,Debit Card,Succeeded,2025-10-19 16:48:47.714104,CUST_0524
PAY_000022,804.91,39.32,765.59,USD,Digital Wallet,Succeeded,2025-12-02 16:48:47.714138,CUST_0593
PAY_000023,419.41,9.2,410.22,USD,Credit Card,Succeeded,2025-11-14 16:48:47.714170,CUST_0834
PAY_000024,601.94,24.13,577.81,USD,Credit Card,Succeeded,2025-12-05 16:48:47.714201,CUST_0590
PAY_000025,727.17,31.27,695.9,USD,Credit Card,Succeeded,2025-12-03 16:48:47.714231,CUST_0807
PAY_000026,770.92,32.84,738.07,USD,Credit Card,Succeeded,2025-11-29 16:48:47.714258,CUST_0073
PAY_000027,690.21,21.98,668.24,USD,Bank Transfer,Succeeded,2025-09-21 16:48:47.714285,CUST_0266
PAY_000028,387.17,18.78,368.39,USD,Digital Wallet,Succeeded,2025-10-05 16:48:47.714311,CUST_0324
PAY_000029,831.48,33.23,798.25,USD,Bank Transfer,Succeeded,2025-12-05 16:48:47.714336,CUST_0217
PAY_000030,100.92,2.78,98.14,USD,Debit Card,Succeeded,2025-11-04 16:48:47.714362,CUST_0608
PAY_000031,38.61,1.59,37.03,USD,Credit Card,Succeeded,2025-12-01 16:48:47.714387,CUST_0825
PAY_000032,624.46,29.39,595.06,USD,Debit Card,Succeeded,2025-10-04 16:48:47.714412,CUST_0014
PAY_000033,930.5,35.07,895.43,USD,Bank Transfer,Succeeded,2025-10-28 16:48:47.714437,CUST_0785
PAY_000034,803.48,20.38,783.1,USD,Bank Transfer,Succeeded,2025-10-03 16:48:47.714463,CUST_0380
PAY_000035,292.07,11.14,280.93,USD,Debit Card,Succeeded,2025-09-23 16:48:47.714489,CUST_0961
PAY_000036,952.17,31.66,920.52,USD,Digital Wallet,Succeeded,2025-10-03 16:48:47.714515,CUST_0416
PAY_000037,319.47,13.94,305.53,USD,Digital Wallet,Succeeded,2025-11-10 16:48:47.714541,CUST_0064
PAY_000038,411.73,14.76,396.97,USD,Bank Transfer,Succeeded,2025-09-27 16:48:47.714567,CUST_0163
PAY_000039,918.95,23.47,895.48,USD,Digital Wallet,Succeeded,2025-10-18 16:48:47.714596,CUST_0406
PAY_000040,500.25,11.08,489.17,USD,Digital Wallet,Succeeded,2025-12-03 16:48:47.714622,CUST_0750
PAY_000041,317.59,7.74,309.85,USD,Digital Wallet,Succeeded,2025-09-12 16:48:47.714649,CUST_0023
PAY_000042,407.29,14.2,393.09,USD,Digital Wallet,Succeeded,2025-10-31 16:48:47.714675,CUST_0386
PAY_000043,709.66,25.71,683.95,USD,Digital Wallet,Succeeded,2025-10-02 16:48:47.714701,CUST_0936
PAY_000044,344.67,11.43,333.23,USD,Debit Card,Succeeded,2025-11-15 16:48:47.714727,CUST_0416
PAY_000045,312.28,6.28,306.0,USD,Bank Transfer,Succeeded,2025-09-11 16:48:47.714753,CUST_0346
PAY_000046,731.19,30.91,700.28,USD,Credit Card,Succeeded,2025-09-13 16:48:47.714779,CUST_0731
PAY_000047,598.09,14.24,583.85,USD,Credit Card,Succeeded,2025-11-24 16:48:47.714806,CUST_0185
PAY_000048,183.08,4.46,178.62,USD,Digital Wallet,Succeeded,2025-10-10 16:48:47.714833,CUST_0345
PAY_000049,936.94,33.71,903.24,USD,Credit Card,Succeeded,2025-11-19 16:48:47.714860,CUST_0875
PAY_000050,565.0,27.64,537.36,USD,Debit Card,Succeeded,2025-11-27 16:48:47.714886,CUST_0336
PAY_000051,839.48,36.72,802.76,USD,Bank Transfer,Succeeded,2025-12-07 16:48:47.714912,CUST_0525
PAY_000052,861.6,24.71,836.89,USD,Digital Wallet,Succeeded,2025-11-13 16:48:47.714938,CUST_0374
PAY_000053,916.76,27.19,889.56,USD,Bank Transfer,Succeeded,2025-09-30 16:48:47.714964,CUST_0840
PAY_000054,280.34,10.03,270.3,USD,Credit Card,Succeeded,2025-09-25 16:48:47.714990,CUST_0792
PAY_000055,776.74,31.99,744.75,USD,Credit Card,Succeeded,2025-09-24 16:48:47.715015,CUST_0248
PAY_000056,963.91,27.21,936.7,USD,Digital Wallet,Succeeded,2025-09-21 16:48:47.715041,CUST_0422
PAY_000057,178.53,3.7,174.83,USD,Credit Card,Succeeded,2025-09-16 16:48:47.715068,CUST_0742
PAY_000058,868.32,41.3,827.02,USD,Debit Card,Succeeded,2025-09-13 16:48:47.715095,CUST_0242
PAY_000059,657.19,22.0,635.19,USD,Debit Card,Succeeded,2025-09-20 16:48:47.715121,CUST_0805
PAY_000060,40.34,1.77,38.57,USD,Bank Transfer,Succeeded,2025-10-19 16:48:47.715147,CUST_0229
PAY_000061,643.95,30.13,613.82,USD,Digital Wallet,Succeeded,2025-12-01 16:48:47.715173,CUST_0838
PAY_000062,705.89,20.48,685.41,USD,Bank Transfer,Succeeded,2025-10-12 16:48:47.715198,CUST_0065
PAY_000063,630.84,24.09,606.75,USD,Digital Wallet,Succeeded,2025-11-24 16:48:47.715257,CUST_0439
PAY_000064,10.06,0.2,9.86,USD,Digital Wallet,Succeeded,2025-10-18 16:48:47.715294,CUST_0012
PAY_000065,801.77,16.04,785.73,USD,Credit Card,Succeeded,2025-11-13 16:48:47.715496,CUST_0605
PAY_000066,175.32,5.97,169.36,USD,Credit Card,Succeeded,2025-10-14 16:48:47.715578,CUST_0719
PAY_000067,55.97,1.23,54.74,USD,Bank Transfer,Succeeded,2025-09-23 16:48:47.715624,CUST_0711
PAY_000068,528.83,17.99,510.84,USD,Digital Wallet,Succeeded,2025-09-29 16:48:47.715655,CUST_0497
PAY_000069,442.41,18.33,424.09,USD,Bank Transfer,Succeeded,2025-09-24 16:48:47.715703,CUST_0705
PAY_000070,146.63,3.25,143.38,USD,Debit Card,Succeeded,2025-11-05 16:48:47.715729,CUST_0472
PAY_000071,716.0,30.45,685.55,USD,Debit Card,Succeeded,2025-11-24 16:48:47.715756,CUST_0659
PAY_000072,107.29,5.25,102.04,USD,Digital Wallet,Succeeded,2025-10-25 16:48:47.715781,CUST_0311
PAY_000073,348.4,11.99,336.41,USD,Digital Wallet,Succeeded,2025-10-25 16:48:47.715808,CUST_0069
PAY_000074,915.68,31.0,884.68,USD,Credit Card,Succeeded,2025-09-18 16:48:47.715834,CUST_0764
PAY_000075,597.89,17.1,580.79,USD,Digital Wallet,Pending,2025-09-19 16:48:47.715860,CUST_0485
PAY_000076,89.28,2.32,86.96,USD,Credit Card,Succeeded,2025-11-02 16:48:47.715886,CUST_0904
PAY_000077,774.18,37.18,737.0,USD,Digital Wallet,Succeeded,2025-11-15 16:48:47.715912,CUST_0187
PAY_000078,967.89,22.94,944.95,USD,Bank Transfer,Succeeded,2025-09-25 16:48:47.715940,CUST_0893
PAY_000079,353.59,8.18,345.41,USD,Bank Transfer,Succeeded,2025-10-09 16:48:47.715966,CUST_0657
PAY_000080,297.79,10.19,287.6,USD,Digital Wallet,Succeeded,2025-10-13 16:48:47.715991,CUST_0511
PAY_000081,354.21,9.11,345.1,USD,Debit Card,Succeeded,2025-11-26 16:48:47.716043,CUST_0809
PAY_000082,102.89,4.22,98.68,USD,Bank Transfer,Succeeded,2025-12-09 16:48:47.716082,CUST_0244
PAY_000083,442.84,13.79,429.05,USD,Debit Card,Succeeded,2025-11-18 16:48:47.716111,CUST_0189
PAY_000084,75.44,2.57,72.87,USD,Debit Card,Succeeded,2025-12-04 16:48:47.716139,CUST_0506
PAY_000085,512.65,17.58,495.06,USD,Bank Transfer,Succeeded,2025-11-28 16:48:47.716165,CUST_0263
PAY_000086,910.43,30.62,879.81,USD,Digital Wallet,Pending,2025-09-26 16:48:47.716192,CUST_0738
PAY_000087,197.62,8.36,189.26,USD,Debit Card,Succeeded,2025-10-30 16:48:47.716218,CUST_0716
PAY_000088,635.07,30.42,604.64,USD,Credit Card,Succeeded,2025-11-27 16:48:47.716246,CUST_0336
PAY_000089,185.29,3.73,181.56,USD,Debit Card,Succeeded,2025-09-29 16:48:47.716274,CUST_0943
PAY_000090,395.07,8.84,386.23,USD,Bank Transfer,Succeeded,2025-12-07 16:48:47.716299,CUST_0366
PAY_000091,36.4,1.38,35.02,USD,Debit Card,Succeeded,2025-09-30 16:48:47.716324,CUST_0786
PAY_000092,887.25,29.77,857.48,USD,Credit Card,Pending,2025-10-22 16:48:47.716349,CUST_0102
PAY_000093,738.82,36.67,702.15,USD,Digital Wallet,Succeeded,2025-11-24 16:48:47.716374,CUST_0503
PAY_000094,957.68,26.65,931.03,USD,Credit Card,Succeeded,2025-11-13 16:48:47.716400,CUST_0379
PAY_000095,712.25,20.44,691.82,USD,Credit Card,Failed,2025-10-05 16:48:47.716426,CUST_0950
PAY_000096,339.93,16.28,323.65,USD,Bank Transfer,Succeeded,2025-10-04 16:48:47.716454,CUST_0602
PAY_000097,208.66,4.48,204.19,USD,Bank Transfer,Succeeded,2025-11-25 16:48:47.716479,CUST_0365
PAY_000098,42.46,1.49,40.97,USD,Debit Card,Succeeded,2025-11-26 16:48:47.716505,CUST_0854
PAY_000099,152.97,7.14,145.83,USD,Digital Wallet,Succeeded,2025-11-30 16:48:47.716530,CUST_0546
PAY_000100,463.18,12.47,450.71,USD,Bank Transfer,Succeeded,2025-10-21 16:48:47.716556,CUST_0516
PAY_000101,101.25,3.03,98.23,USD,Credit Card,Succeeded,2025-10-02 16:48:47.716670,CUST_0847
PAY_000102,950.94,40.33,910.61,USD,Credit Card,Succeeded,2025-09-16 16:48:47.716737,CUST_0428
PAY_000103,977.49,39.7,937.79,USD,Bank Transfer,Succeeded,2025-12-05 16:48:47.716770,CUST_0020
PAY_000104,362.11,14.95,347.17,USD,Digital Wallet,Succeeded,2025-10-03 16:48:47.716797,CUST_0157
PAY_000105,949.28,21.44,927.84,USD,Digital Wallet,Succeeded,2025-12-06 16:48:47.716825,CUST_0699
PAY_000106,739.93,34.46,705.48,USD,Debit Card,Succeeded,2025-10-14 16:48:47.716850,CUST_0573
PAY_000107,352.69,7.71,344.98,USD,Bank Transfer,Succeeded,2025-10-27 16:48:47.716876,CUST_0495
PAY_000108,102.13,3.91,98.22,USD,Debit Card,Succeeded,2025-09-13 16:48:47.716900,CUST_0900
PAY_000109,489.42,16.84,472.58,USD,Debit Card,Succeeded,2025-10-07 16:48:47.716924,CUST_0120
PAY_000110,792.11,25.75,766.36,USD,Bank Transfer,Succeeded,2025-10-14 16:48:47.716950,CUST_0972
PAY_000111,197.4,9.09,188.31,USD,Bank Transfer,Succeeded,2025-11-03 16:48:47.716975,CUST_0388
PAY_000112,966.43,45.42,921.01,USD,Credit Card,Succeeded,2025-09-24 16:48:47.716999,CUST_0311
PAY_000113,307.28,6.36,300.92,USD,Credit Card,Succeeded,2025-12-03 16:48:47.717023,CUST_0696
PAY_000114,365.24,9.31,355.92,USD,Digital Wallet,Succeeded,2025-11-14 16:48:47.717048,CUST_0121
PAY_000115,137.04,6.22,130.82,USD,Credit Card,Succeeded,2025-10-27 16:48:47.717072,CUST_0565
PAY_000116,662.75,19.75,643.0,USD,Bank Transfer,Succeeded,2025-12-04 16:48:47.717096,CUST_0022
PAY_000117,637.35,24.61,612.74,USD,Digital Wallet,Succeeded,2025-11-24 16:48:47.717121,CUST_0429
PAY_000118,681.06,15.62,665.45,USD,Debit Card,Succeeded,2025-10-11 16:48:47.717145,CUST_0722
PAY_000119,258.35,9.45,248.9,USD,Bank Transfer,Pending,2025-12-08 16:48:47.717170,CUST_0250
PAY_000120,622.64,12.48,610.17,USD,Bank Transfer,Succeeded,2025-10-07 16:48:47.717194,CUST_0869
PAY_000121,552.78,14.81,537.97,USD,Bank Transfer,Succeeded,2025-11-21 16:48:47.717220,CUST_0301
PAY_000122,81.89,2.82,79.07,USD,Bank Transfer,Succeeded,2025-11-07 16:48:47.717245,CUST_0259
PAY_000123,909.63,39.27,870.36,USD,Debit Card,Succeeded,2025-10-05 16:48:47.717270,CUST_0044
PAY_000124,886.34,30.51,855.83,USD,Digital Wallet,Succeeded,2025-11-21 16:48:47.717294,CUST_0708
PAY_000125,632.93,31.16,601.77,USD,Bank Transfer,Succeeded,2025-10-18 16:48:47.717319,CUST_0925
PAY_000126,577.75,21.94,555.81,USD,Debit Card,Succeeded,2025-11-14 16:48:47.717343,CUST_0954
PAY_000127,304.12,14.35,289.78,USD,Bank Transfer,Succeeded,2025-11-07 16:48:47.717367,CUST_0067
PAY_000128,300.54,7.09,293.46,USD,Credit Card,Succeeded,2025-09-20 16:48:47.717392,CUST_0875
PAY_000129,337.62,6.8,330.83,USD,Debit Card,Succeeded,2025-09-21 16:48:47.717416,CUST_0041
PAY_000130,849.24,28.84,820.4,USD,Credit Card,Succeeded,2025-12-09 16:48:47.717441,CUST_0341
PAY_000131,547.59,17.19,530.4,USD,Credit Card,Succeeded,2025-11-09 16:48:47.717467,CUST_0133
PAY_000132,544.96,26.53,518.43,USD,Digital Wallet,Succeeded,2025-12-06 16:48:47.717492,CUST_0067
PAY_000133,765.08,22.51,742.57,USD,Debit Card,Succeeded,2025-09-25 16:48:47.717517,CUST_0704
PAY_000134,628.23,29.17,599.06,USD,Debit Card,Succeeded,2025-09-29 16:48:47.717542,CUST_0715
PAY_000135,688.8,16.44,672.36,USD,Bank Transfer,Succeeded,2025-11-28 16:48:47.717567,CUST_0950
PAY_000136,304.93,14.67,290.26,USD,Credit Card,Failed,2025-11-11 16:48:47.717591,CUST_0365
PAY_000137,686.23,32.76,653.48,USD,Credit Card,Succeeded,2025-12-09 16:48:47.717616,CUST_0112
PAY_000138,695.07,17.16,677.92,USD,Bank Transfer,Succeeded,2025-11-14 16:48:47.717640,CUST_0017
PAY_000139,858.93,30.2,828.74,USD,Debit Card,Succeeded,2025-09-30 16:48:47.717665,CUST_0499
PAY_000140,845.35,25.74,819.62,USD,Credit Card,Succeeded,2025-10-06 16:48:47.717689,CUST_0368
PAY_000141,249.34,7.1,242.24,USD,Credit Card,Succeeded,2025-11-01 16:48:47.717713,CUST_0839
PAY_000142,295.65,11.05,284.6,USD,Credit Card,Pending,2025-11-10 16:48:47.717738,CUST_0506
PAY_000143,608.24,27.06,581.17,USD,Debit Card,Succeeded,2025-11-06 16:48:47.717762,CUST_0997
PAY_000144,99.92,2.23,97.69,USD,Digital Wallet,Succeeded,2025-10-04 16:48:47.717787,CUST_0510
PAY_000145,717.09,26.43,690.66,USD,Digital Wallet,Succeeded,2025-10-04 16:48:47.717812,CUST_0339
PAY_000146,803.95,38.74,765.21,USD,Digital Wallet,Succeeded,2025-10-09 16:48:47.717836,CUST_0584
PAY_000147,471.1,19.18,451.92,USD,Debit Card,Succeeded,2025-10-28 16:48:47.717861,CUST_0212
PAY_000148,827.92,38.33,789.59,USD,Bank Transfer,Failed,2025-09-18 16:48:47.717886,CUST_0188
PAY_000149,28.83,1.18,27.65,USD,Digital Wallet,Succeeded,2025-10-08 16:48:47.717912,CUST_0001
PAY_000150,452.76,13.19,439.57,USD,Credit Card,Succeeded,2025-09-26 16:48:47.717939,CUST_0829
PAY_000151,329.06,12.96,316.1,USD,Credit Card,Pending,2025-10-02 16:48:47.717964,CUST_0853
PAY_000152,932.01,44.59,887.41,USD,Digital Wallet,Succeeded,2025-10-08 16:48:47.717989,CUST_0125
PAY_000153,432.87,11.14,421.73,USD,Digital Wallet,Succeeded,2025-11-23 16:48:47.718013,CUST_0095
PAY_000154,94.96,4.21,90.75,USD,Digital Wallet,Succeeded,2025-10-28 16:48:47.718038,CUST_0520
PAY_000155,971.67,20.16,951.51,USD,Debit Card,Succeeded,2025-10-06 16:48:47.718063,CUST_0633
PAY_000156,334.88,16.44,318.44,USD,Credit Card,Failed,2025-09-11 16:48:47.718087,CUST_0071
PAY_000157,597.32,27.86,569.46,USD,Debit Card,Succeeded,2025-11-25 16:48:47.718112,CUST_0026
PAY_000158,551.92,20.86,531.07,USD,Credit Card,Pending,2025-09-26 16:48:47.718137,CUST_0539
PAY_000159,104.43,3.99,100.44,USD,Credit Card,Succeeded,2025-11-05 16:48:47.718161,CUST_0312
PAY_000160,296.24,10.09,286.16,USD,Credit Card,Succeeded,2025-11-27 16:48:47.718197,CUST_0609
PAY_000161,567.34,14.03,553.31,USD,Credit Card,Succeeded,2025-12-08 16:48:47.718229,CUST_0088
PAY_000162,922.56,27.03,895.53,USD,Digital Wallet,Succeeded,2025-11-27 16:48:47.718255,CUST_0779
PAY_000163,723.24,20.7,702.54,USD,Debit Card,Succeeded,2025-10-08 16:48:47.718280,CUST_0003
PAY_000164,103.24,2.34,100.9,USD,Digital Wallet,Succeeded,2025-09-30 16:48:47.718304,CUST_0336
PAY_000165,334.71,15.15,319.56,USD,Credit Card,Succeeded,2025-11-30 16:48:47.718329,CUST_0567
PAY_000166,217.83,6.91,210.92,USD,Debit Card,Succeeded,2025-10-11 16:48:47.718354,CUST_0775
PAY_000167,230.67,6.72,223.95,USD,Credit Card,Succeeded,2025-12-08 16:48:47.718379,CUST_0212
PAY_000168,954.02,38.75,915.26,USD,Digital Wallet,Succeeded,2025-10-22 16:48:47.718403,CUST_0264
PAY_000169,989.19,32.22,956.97,USD,Debit Card,Succeeded,2025-09-24 16:48:47.718428,CUST_0855
PAY_000170,712.1,19.5,692.6,USD,Credit Card,Succeeded,2025-11-09 16:48:47.718452,CUST_0700
PAY_000171,823.06,38.84,784.22,USD,Debit Card,Failed,2025-11-07 16:48:47.718477,CUST_0047
PAY_000172,774.43,16.84,757.59,USD,Digital Wallet,Succeeded,2025-10-10 16:48:47.718502,CUST_0162
PAY_000173,148.39,6.66,141.72,USD,Debit Card,Succeeded,2025-12-02 16:48:47.718526,CUST_0632
PAY_000174,252.65,7.49,245.17,USD,Debit Card,Succeeded,2025-12-07 16:48:47.718552,CUST_0637
PAY_000175,86.28,2.87,83.41,USD,Bank Transfer,Succeeded,2025-11-18 16:48:47.718576,CUST_0376
PAY_000176,133.27,5.01,128.26,USD,Debit Card,Succeeded,2025-11-26 16:48:47.718600,CUST_0024
PAY_000177,926.98,22.44,904.54,USD,Credit Card,Succeeded,2025-11-07 16:48:47.718625,CUST_0689
PAY_000178,49.52,2.06,47.46,USD,Digital Wallet,Succeeded,2025-10-19 16:48:47.718649,CUST_0407
PAY_000179,192.91,4.61,188.3,USD,Bank Transfer,Succeeded,2025-10-18 16:48:47.718674,CUST_0878
PAY_000180,250.85,6.28,244.57,USD,Credit Card,Succeeded,2025-11-03 16:48:47.718698,CUST_0667
PAY_000181,276.33,8.21,268.13,USD,Credit Card,Succeeded,2025-11-28 16:48:47.718722,CUST_0699
PAY_000182,993.41,37.52,955.89,USD,Debit Card,Succeeded,2025-10-06 16:48:47.718747,CUST_0189
PAY_000183,948.37,30.98,917.39,USD,Debit Card,Succeeded,2025-11-06 16:48:47.718772,CUST_0503
PAY_000184,29.49,1.34,28.16,USD,Bank Transfer,Failed,2025-09-15 16:48:47.718796,CUST_0815
PAY_000185,748.47,34.23,714.24,USD,Bank Transfer,Succeeded,2025-09-11 16:48:47.718821,CUST_0590
PAY_000186,861.19,42.79,818.4,USD,Bank Transfer,Succeeded,2025-12-07 16:48:47.718845,CUST_0918
PAY_000187,18.38,0.42,17.96,USD,Bank Transfer,Succeeded,2025-11-04 16:48:47.718870,CUST_0999
PAY_000188,410.35,10.42,399.94,USD,Debit Card,Succeeded,2025-10-12 16:48:47.718894,CUST_0653
PAY_000189,729.65,31.9,697.75,USD,Credit Card,Succeeded,2025-10-25 16:48:47.718918,CUST_0241
PAY_000190,55.31,1.2,54.1,USD,Credit Card,Succeeded,2025-12-08 16:48:47.718943,CUST_0326
PAY_000191,575.15,28.25,546.9,USD,Debit Card,Succeeded,2025-12-09 16:48:47.718968,CUST_0618
PAY_000192,31.24,1.24,30.0,USD,Credit Card,Succeeded,2025-09-29 16:48:47.718992,CUST_0296
PAY_000193,836.16,17.88,818.28,USD,Debit Card,Succeeded,2025-10-08 16:48:47.719017,CUST_0734
PAY_000194,74.12,2.65,71.47,USD,Digital Wallet,Succeeded,2025-11-24 16:48:47.719041,CUST_0206
PAY_000195,721.73,29.81,691.93,USD,Debit Card,Succeeded,2025-09-22 16:48:47.719066,CUST_0138
PAY_000196,47.91,1.43,46.49,USD,Credit Card,Succeeded,2025-09-15 16:48:47.719091,CUST_0850
PAY_000197,501.6,12.66,488.94,USD,Bank Transfer,Succeeded,2025-09-21 16:48:47.719116,CUST_0032
PAY_000198,358.42,8.99,349.43,USD,Debit Card,Succeeded,2025-10-21 16:48:47.719140,CUST_0240
PAY_000199,893.62,39.79,853.83,USD,Credit Card,Succeeded,2025-10-30 16:48:47.719165,CUST_0899
PAY_000200,531.73,16.09,515.64,USD,Digital Wallet,Succeeded,2025-10-03 16:48:47.719189,CUST_0233
PAY_000201,377.25,7.69,369.56,USD,Bank Transfer,Succeeded,2025-11-25 16:48:47.719213,CUST_0043
PAY_000202,602.38,16.81,585.57,USD,Debit Card,Succeeded,2025-11-19 16:48:47.719238,CUST_0641
PAY_000203,650.06,28.42,621.64,USD,Debit Card,Succeeded,2025-09-25 16:48:47.719263,CUST_0852
PAY_000204,840.47,20.9,819.56,USD,Digital Wallet,Succeeded,2025-09-17 16:48:47.719288,CUST_0016
PAY_000205,285.74,7.01,278.73,USD,Bank Transfer,Succeeded,2025-09-14 16:48:47.719312,CUST_0332
PAY_000206,844.61,19.05,825.56,USD,Digital Wallet,Succeeded,2025-10-22 16:48:47.719336,CUST_0529
PAY_000207,417.75,18.45,399.3,USD,Digital Wallet,Succeeded,2025-09-20 16:48:47.719361,CUST_0888
PAY_000208,453.11,19.91,433.19,USD,Credit Card,Succeeded,2025-11-03 16:48:47.719385,CUST_0376
PAY_000209,339.28,16.8,322.48,USD,Credit Card,Succeeded,2025-09-29 16:48:47.719410,CUST_0987
PAY_000210,371.69,16.64,355.05,USD,Credit Card,Succeeded,2025-12-07 16:48:47.719434,CUST_0550
PAY_000211,431.16,8.87,422.29,USD,Credit Card,Succeeded,2025-09-13 16:48:47.719459,CUST_0459
PAY_000212,125.53,4.05,121.48,USD,Credit Card,Succeeded,2025-09-20 16:48:47.719483,CUST_0054
PAY_000213,475.09,15.74,459.35,USD,Debit Card,Succeeded,2025-10-27 16:48:47.719507,CUST_0934
PAY_000214,85.59,4.1,81.49,USD,Debit Card,Succeeded,2025-09-28 16:48:47.719532,CUST_0258
PAY_000215,740.6,26.97,713.62,USD,Bank Transfer,Succeeded,2025-12-01 16:48:47.719557,CUST_0796
PAY_000216,845.05,37.72,807.33,USD,Debit Card,Succeeded,2025-11-09 16:48:47.719581,CUST_0194
PAY_000217,226.47,10.94,215.52,USD,Bank Transfer,Succeeded,2025-11-24 16:48:47.719606,CUST_0874
PAY_000218,128.01,5.7,122.31,USD,Credit Card,Succeeded,2025-12-05 16:48:47.719631,CUST_0026
PAY_000219,723.73,33.7,690.03,USD,Credit Card,Succeeded,2025-10-20 16:48:47.719656,CUST_0333
PAY_000220,235.25,6.78,228.47,USD,Digital Wallet,Succeeded,2025-10-05 16:48:47.719681,CUST_0760
PAY_000221,136.26,3.45,132.81,USD,Debit Card,Succeeded,2025-11-12 16:48:47.719706,CUST_0245
PAY_000222,147.87,5.29,142.58,USD,Bank Transfer,Succeeded,2025-12-05 16:48:47.719731,CUST_0604
PAY_000223,426.97,12.11,414.86,USD,Credit Card,Succeeded,2025-10-24 16:48:47.719756,CUST_0948
PAY_000224,797.34,35.41,761.93,USD,Debit Card,Succeeded,2025-12-06 16:48:47.719780,CUST_0179
PAY_000225,580.75,21.62,559.13,USD,Credit Card,Succeeded,2025-10-15 16:48:47.719805,CUST_0754
PAY_000226,720.32,26.43,693.89,USD,Digital Wallet,Succeeded,2025-10-06 16:48:47.719830,CUST_0758
PAY_000227,548.84,23.27,525.57,USD,Bank Transfer,Succeeded,2025-10-21 16:48:47.719855,CUST_0696
PAY_000228,660.88,28.86,632.01,USD,Digital Wallet,Succeeded,2025-09-16 16:48:47.719879,CUST_0129
PAY_000229,823.93,27.68,796.25,USD,Digital Wallet,Succeeded,2025-09-12 16:48:47.719904,CUST_0492
PAY_000230,169.45,5.78,163.67,USD,Debit Card,Succeeded,2025-11-10 16:48:47.719929,CUST_0117
PAY_000231,184.05,3.9,180.15,USD,Bank Transfer,Succeeded,2025-11-26 16:48:47.719953,CUST_0584
PAY_000232,200.23,9.33,190.9,USD,Credit Card,Succeeded,2025-11-06 16:48:47.719979,CUST_0922
PAY_000233,188.03,7.24,180.78,USD,Bank Transfer,Succeeded,2025-09-25 16:48:47.720004,CUST_0232
PAY_000234,529.59,21.89,507.7,USD,Debit Card,Succeeded,2025-10-12 16:48:47.720030,CUST_0427
PAY_000235,113.4,3.58,109.82,USD,Credit Card,Succeeded,2025-10-11 16:48:47.720055,CUST_0155
PAY_000236,422.58,12.73,409.85,USD,Credit Card,Succeeded,2025-12-09 16:48:47.720080,CUST_0067
PAY_000237,955.72,19.71,936.01,USD,Credit Card,Succeeded,2025-10-21 16:48:47.720105,CUST_0362
PAY_000238,695.98,26.43,669.55,USD,Bank Transfer,Succeeded,2025-10-15 16:48:47.720130,CUST_0581
PAY_000239,445.34,11.85,433.49,USD,Digital Wallet,Succeeded,2025-09-30 16:48:47.720155,CUST_0837
PAY_000240,113.97,4.13,109.85,USD,Bank Transfer,Succeeded,2025-09-19 16:48:47.720181,CUST_0420
PAY_000241,88.09,2.7,85.39,USD,Bank Transfer,Succeeded,2025-10-10 16:48:47.720220,CUST_0190
PAY_000242,959.93,19.64,940.29,USD,Bank Transfer,Succeeded,2025-10-04 16:48:47.720248,CUST_0515
PAY_000243,128.43,4.15,124.28,USD,Bank Transfer,Succeeded,2025-11-05 16:48:47.720275,CUST_0301
PAY_000244,824.38,40.8,783.58,USD,Debit Card,Succeeded,2025-10-10 16:48:47.720300,CUST_0343
PAY_000245,301.91,8.33,293.58,USD,Credit Card,Succeeded,2025-11-19 16:48:47.720409,CUST_0883
PAY_000246,987.45,29.79,957.66,USD,Bank Transfer,Succeeded,2025-09-11 16:48:47.720458,CUST_0452
PAY_000247,272.43,5.54,266.89,USD,Debit Card,Succeeded,2025-10-07 16:48:47.720488,CUST_0788
PAY_000248,640.83,13.56,627.27,USD,Debit Card,Succeeded,2025-10-01 16:48:47.720516,CUST_0608
PAY_000249,939.53,32.99,906.55,USD,Debit Card,Succeeded,2025-12-05 16:48:47.720543,CUST_0557
PAY_000250,536.23,14.43,521.8,USD,Digital Wallet,Succeeded,2025-09-16 16:48:47.720569,CUST_0478
PAY_000251,310.21,8.47,301.74,USD,Debit Card,Succeeded,2025-10-24 16:48:47.720597,CUST_0126
PAY_000252,624.25,28.55,595.7,USD,Debit Card,Succeeded,2025-10-28 16:48:47.720624,CUST_0494
PAY_000253,67.79,1.41,66.38,USD,Debit Card,Failed,2025-11-14 16:48:47.720651,CUST_0831
PAY_000254,689.93,33.45,656.48,USD,Debit Card,Succeeded,2025-11-19 16:48:47.720679,CUST_0374
PAY_000255,971.21,27.22,944.0,USD,Credit Card,Succeeded,2025-11-22 16:48:47.720707,CUST_0886
PAY_000256,653.01,25.01,628.0,USD,Bank Transfer,Succeeded,2025-10-07 16:48:47.720735,CUST_0817
PAY_000257,907.57,24.52,883.05,USD,Digital Wallet,Succeeded,2025-12-08 16:48:47.720980,CUST_0024
PAY_000258,629.95,26.64,603.31,USD,Bank Transfer,Failed,2025-10-03 16:48:47.721033,CUST_0709
PAY_000259,120.9,5.46,115.44,USD,Debit Card,Succeeded,2025-10-12 16:48:47.721070,CUST_0724
PAY_000260,249.03,11.93,237.1,USD,Digital Wallet,Pending,2025-09-20 16:48:47.721102,CUST_0324
PAY_000261,301.47,8.36,293.11,USD,Debit Card,Succeeded,2025-10-17 16:48:47.721134,CUST_0041
PAY_000262,941.19,29.4,911.8,USD,Debit Card,Succeeded,2025-11-28 16:48:47.721165,CUST_0509
PAY_000263,952.14,34.42,917.71,USD,Credit Card,Failed,2025-10-26 16:48:47.721197,CUST_0105
PAY_000264,116.48,3.93,112.55,USD,Credit Card,Succeeded,2025-11-04 16:48:47.721312,CUST_0728
PAY_000265,398.45,18.7,379.75,USD,Credit Card,Succeeded,2025-10-09 16:48:47.721350,CUST_0623
PAY_000266,232.6,9.24,223.37,USD,Credit Card,Succeeded,2025-10-01 16:48:47.721379,CUST_0764
PAY_000267,524.93,15.92,509.01,USD,Debit Card,Succeeded,2025-11-30 16:48:47.721404,CUST_0252
PAY_000268,232.02,8.58,223.45,USD,Digital Wallet,Succeeded,2025-09-24 16:48:47.721432,CUST_0866
PAY_000269,309.41,7.61,301.81,USD,Credit Card,Succeeded,2025-09-15 16:48:47.721455,CUST_0871
PAY_000270,504.4,16.44,487.96,USD,Bank Transfer,Succeeded,2025-10-26 16:48:47.721481,CUST_0539
PAY_000271,995.87,30.53,965.34,USD,Debit Card,Succeeded,2025-09-20 16:48:47.721505,CUST_0360
PAY_000272,93.14,2.24,90.9,USD,Debit Card,Succeeded,2025-10-22 16:48:47.721528,CUST_0518
PAY_000273,986.47,36.93,949.54,USD,Digital Wallet,Succeeded,2025-11-19 16:48:47.721551,CUST_0524
PAY_000274,466.12,10.92,455.21,USD,Bank Transfer,Succeeded,2025-11-22 16:48:47.721574,CUST_0952
PAY_000275,482.4,17.42,464.98,USD,Digital Wallet,Succeeded,2025-09-23 16:48:47.721598,CUST_0513
PAY_000276,359.95,8.91,351.05,USD,Debit Card,Succeeded,2025-10-19 16:48:47.721621,CUST_0551
PAY_000277,696.24,31.54,664.7,USD,Digital Wallet,Succeeded,2025-10-11 16:48:47.721644,CUST_0661
PAY_000278,611.18,17.2,593.98,USD,Bank Transfer,Succeeded,2025-11-03 16:48:47.721667,CUST_0916
PAY_000279,480.79,14.68,466.1,USD,Bank Transfer,Succeeded,2025-10-14 16:48:47.721690,CUST_0983
PAY_000280,311.49,11.33,300.16,USD,Debit Card,Succeeded,2025-11-06 16:48:47.721714,CUST_0958
PAY_000281,568.02,17.48,550.54,USD,Credit Card,Succeeded,2025-11-21 16:48:47.721737,CUST_0195
PAY_000282,183.55,4.63,178.92,USD,Digital Wallet,Succeeded,2025-12-09 16:48:47.721760,CUST_0680
PAY_000283,60.59,2.17,58.42,USD,Bank Transfer,Succeeded,2025-10-13 16:48:47.721784,CUST_0732
PAY_000284,487.08,19.1,467.98,USD,Digital Wallet,Succeeded,2025-11-19 16:48:47.721807,CUST_0024
PAY_000285,605.24,14.45,590.79,USD,Bank Transfer,Succeeded,2025-11-03 16:48:47.721830,CUST_0571
PAY_000286,266.52,6.05,260.48,USD,Debit Card,Failed,2025-11-01 16:48:47.721853,CUST_0730
PAY_000287,147.8,4.54,143.26,USD,Debit Card,Succeeded,2025-10-10 16:48:47.721935,CUST_0636
PAY_000288,475.72,20.07,455.65,USD,Debit Card,Succeeded,2025-10-23 16:48:47.721974,CUST_0993
PAY_000289,964.63,19.42,945.21,USD,Bank Transfer,Succeeded,2025-09-20 16:48:47.721999,CUST_0286
PAY_000290,201.28,8.61,192.67,USD,Bank Transfer,Succeeded,2025-10-19 16:48:47.722024,CUST_0368
PAY_000291,773.36,37.71,735.65,USD,Bank Transfer,Succeeded,2025-10-18 16:48:47.722049,CUST_0959
PAY_000292,920.06,40.72,879.34,USD,Digital Wallet,Succeeded,2025-11-08 16:48:47.722167,CUST_0207
PAY_000293,707.16,27.51,679.65,USD,Debit Card,Succeeded,2025-09-14 16:48:47.722243,CUST_0640
PAY_000294,754.15,16.9,737.25,USD,Debit Card,Succeeded,2025-11-01 16:48:47.722506,CUST_0752
PAY_000295,380.37,12.12,368.26,USD,Digital Wallet,Failed,2025-11-17 16:48:47.722570,CUST_0163
PAY_000296,485.32,23.3,462.02,USD,Credit Card,Succeeded,2025-11-11 16:48:47.722603,CUST_0401
PAY_000297,937.84,27.32,910.52,USD,Debit Card,Succeeded,2025-10-29 16:48:47.722630,CUST_0811
PAY_000298,911.17,34.79,876.38,USD,Digital Wallet,Succeeded,2025-10-12 16:48:47.722655,CUST_0765
PAY_000299,718.68,33.75,684.93,USD,Credit Card,Succeeded,2025-11-15 16:48:47.723076,CUST_0959
PAY_000300,128.0,6.37,121.63,USD,Credit Card,Failed,2025-10-15 16:48:47.723278,CUST_0585
PAY_000301,763.24,25.81,737.44,USD,Credit Card,Succeeded,2025-10-12 16:48:47.723361,CUST_0624
PAY_000302,23.71,0.95,22.76,USD,Debit Card,Succeeded,2025-12-05 16:48:47.723396,CUST_0829
PAY_000303,905.6,21.44,884.16,USD,Debit Card,Succeeded,2025-11-07 16:48:47.723425,CUST_0605
PAY_000304,794.12,38.71,755.41,USD,Bank Transfer,Succeeded,2025-11-29 16:48:47.723451,CUST_0269
PAY_000305,842.31,23.15,819.16,USD,Debit Card,Succeeded,2025-12-03 16:48:47.723476,CUST_0265
PAY_000306,581.21,18.07,563.14,USD,Bank Transfer,Succeeded,2025-12-04 16:48:47.723501,CUST_0156
PAY_000307,947.47,46.75,900.71,USD,Digital Wallet,Succeeded,2025-09-13 16:48:47.723526,CUST_0767
PAY_000308,81.74,1.91,79.83,USD,Bank Transfer,Succeeded,2025-11-25 16:48:47.723551,CUST_0972
PAY_000309,991.86,43.08,948.79,USD,Digital Wallet,Failed,2025-10-11 16:48:47.723576,CUST_0490
PAY_000310,75.76,1.85,73.91,USD,Debit Card,Succeeded,2025-11-09 16:48:47.723603,CUST_0355
PAY_000311,975.25,29.88,945.37,USD,Bank Transfer,Succeeded,2025-11-21 16:48:47.723628,CUST_0512
PAY_000312,608.93,16.2,592.73,USD,Digital Wallet,Succeeded,2025-10-18 16:48:47.723653,CUST_0879
PAY_000313,915.43,32.87,882.56,USD,Bank Transfer,Succeeded,2025-11-21 16:48:47.723677,CUST_0542
PAY_000314,826.47,23.64,802.82,USD,Credit Card,Succeeded,2025-10-02 16:48:47.723702,CUST_0246
PAY_000315,701.54,19.33,682.22,USD,Digital Wallet,Succeeded,2025-09-28 16:48:47.723726,CUST_0842
PAY_000316,12.49,0.35,12.14,USD,Bank Transfer,Succeeded,2025-10-24 16:48:47.723751,CUST_0377
PAY_000317,464.03,13.85,450.17,USD,Bank Transfer,Succeeded,2025-11-24 16:48:47.723775,CUST_0445
PAY_000318,587.06,12.13,574.93,USD,Digital Wallet,Succeeded,2025-10-30 16:48:47.723800,CUST_0419
PAY_000319,143.21,4.7,138.51,USD,Digital Wallet,Succeeded,2025-10-19 16:48:47.723825,CUST_0001
PAY_000320,63.23,1.8,61.43,USD,Digital Wallet,Succeeded,2025-11-07 16:48:47.723849,CUST_0836
PAY_000321,18.41,0.46,17.95,USD,Debit Card,Succeeded,2025-11-26 16:48:47.723874,CUST_0283
PAY_000322,958.47,44.57,913.9,USD,Credit Card,Succeeded,2025-11-13 16:48:47.723899,CUST_0193
PAY_000323,788.07,30.29,757.78,USD,Digital Wallet,Succeeded,2025-10-30 16:48:47.723924,CUST_0188
PAY_000324,159.36,5.4,153.96,USD,Credit Card,Succeeded,2025-12-03 16:48:47.723949,CUST_0078
PAY_000325,228.17,10.75,217.42,USD,Bank Transfer,Succeeded,2025-11-17 16:48:47.723974,CUST_0839
PAY_000326,20.09,0.76,19.33,USD,Bank Transfer,Failed,2025-10-13 16:48:47.723998,CUST_0417
PAY_000327,483.94,10.37,473.57,USD,Debit Card,Succeeded,2025-11-28 16:48:47.724023,CUST_0591
PAY_000328,388.69,11.5,377.19,USD,Bank Transfer,Succeeded,2025-11-18 16:48:47.724047,CUST_0733
PAY_000329,423.13,12.77,410.36,USD,Digital Wallet,Succeeded,2025-10-01 16:48:47.724072,CUST_0452
PAY_000330,261.09,5.35,255.74,USD,Debit Card,Succeeded,2025-12-04 16:48:47.724097,CUST_0809
PAY_000331,524.55,15.16,509.39,USD,Debit Card,Failed,2025-10-10 16:48:47.724121,CUST_0122
PAY_000332,647.73,16.03,631.71,USD,Bank Transfer,Succeeded,2025-10-20 16:48:47.724146,CUST_0449
PAY_000333,842.17,35.41,806.76,USD,Credit Card,Succeeded,2025-11-11 16:48:47.724170,CUST_0297
PAY_000334,121.24,5.08,116.15,USD,Credit Card,Pending,2025-10-17 16:48:47.724195,CUST_0519
PAY_000335,933.26,40.23,893.03,USD,Digital Wallet,Succeeded,2025-12-01 16:48:47.724220,CUST_0027
PAY_000336,580.19,27.49,552.69,USD,Credit Card,Succeeded,2025-09-26 16:48:47.724244,CUST_0093
PAY_000337,548.79,17.14,531.65,USD,Debit Card,Succeeded,2025-11-03 16:48:47.724269,CUST_0316
PAY_000338,167.25,8.28,158.98,USD,Bank Transfer,Succeeded,2025-12-04 16:48:47.724294,CUST_0968
PAY_000339,285.15,9.51,275.64,USD,Debit Card,Succeeded,2025-11-27 16:48:47.724319,CUST_0965
PAY_000340,922.05,21.31,900.74,USD,Bank Transfer,Succeeded,2025-10-15 16:48:47.724343,CUST_0941
PAY_000341,300.81,9.38,291.43,USD,Debit Card,Succeeded,2025-11-21 16:48:47.724368,CUST_0853
PAY_000342,142.74,4.35,138.39,USD,Credit Card,Succeeded,2025-10-30 16:48:47.724392,CUST_0304
PAY_000343,296.33,14.34,281.99,USD,Digital Wallet,Succeeded,2025-12-07 16:48:47.724417,CUST_0651
PAY_000344,575.01,17.97,557.04,USD,Digital Wallet,Failed,2025-10-10 16:48:47.724441,CUST_0086
PAY_000345,315.74,12.64,303.1,USD,Debit Card,Succeeded,2025-11-03 16:48:47.724466,CUST_0271
PAY_000346,696.34,30.0,666.34,USD,Debit Card,Succeeded,2025-11-18 16:48:47.724491,CUST_0520
PAY_000347,702.9,14.43,688.48,USD,Digital Wallet,Succeeded,2025-11-18 16:48:47.724515,CUST_0086
PAY_000348,434.72,10.41,424.31,USD,Credit Card,Succeeded,2025-11-20 16:48:47.724540,CUST_0516
PAY_000349,745.01,21.14,723.88,USD,Credit Card,Succeeded,2025-11-13 16:48:47.724564,CUST_0178
PAY_000350,721.67,16.24,705.42,USD,Digital Wallet,Succeeded,2025-11-05 16:48:47.724589,CUST_0656
PAY_000351,597.04,19.07,577.97,USD,Bank Transfer,Succeeded,2025-09-15 16:48:47.724613,CUST_0227
PAY_000352,736.74,17.93,718.81,USD,Debit Card,Succeeded,2025-10-27 16:48:47.724637,CUST_0598
PAY_000353,912.52,29.16,883.37,USD,Digital Wallet,Succeeded,2025-11-11 16:48:47.724663,CUST_0319
PAY_000354,903.97,19.24,884.73,USD,Bank Transfer,Succeeded,2025-09-15 16:48:47.724692,CUST_0631
PAY_000355,263.51,10.45,253.06,USD,Digital Wallet,Failed,2025-10-03 16:48:47.724717,CUST_0328
PAY_000356,396.06,19.15,376.92,USD,Debit Card,Succeeded,2025-11-13 16:48:47.724742,CUST_0684
PAY_000357,747.99,18.34,729.64,USD,Debit Card,Succeeded,2025-10-21 16:48:47.724766,CUST_0331
PAY_000358,577.35,14.33,563.02,USD,Bank Transfer,Succeeded,2025-11-14 16:48:47.724791,CUST_0988
PAY_000359,659.48,22.31,637.17,USD,Bank Transfer,Succeeded,2025-11-20 16:48:47.724816,CUST_0338
PAY_000360,858.13,35.1,823.02,USD,Credit Card,Pending,2025-11-28 16:48:47.724840,CUST_0223
PAY_000361,233.94,9.64,224.3,USD,Debit Card,Succeeded,2025-09-17 16:48:47.724865,CUST_0616
PAY_000362,876.58,31.79,844.79,USD,Bank Transfer,Succeeded,2025-10-08 16:48:47.724890,CUST_0193
PAY_000363,88.26,2.0,86.26,USD,Digital Wallet,Succeeded,2025-11-11 16:48:47.724915,CUST_0068
PAY_000364,128.05,5.39,122.66,USD,Digital Wallet,Succeeded,2025-10-11 16:48:47.724939,CUST_0949
PAY_000365,820.96,21.9,799.07,USD,Credit Card,Succeeded,2025-10-06 16:48:47.724964,CUST_0840
PAY_000366,757.85,20.54,737.31,USD,Debit Card,Succeeded,2025-11-19 16:48:47.724989,CUST_0300
PAY_000367,625.89,30.05,595.84,USD,Credit Card,Succeeded,2025-11-22 16:48:47.725030,CUST_0852
PAY_000368,841.4,24.82,816.58,USD,Digital Wallet,Succeeded,2025-10-16 16:48:47.725057,CUST_0050
PAY_000369,327.12,16.19,310.93,USD,Credit Card,Succeeded,2025-10-20 16:48:47.725082,CUST_0089
PAY_000370,847.93,17.8,830.13,USD,Credit Card,Succeeded,2025-09-24 16:48:47.725106,CUST_0619
PAY_000371,538.25,25.2,513.05,USD,Debit Card,Succeeded,2025-11-08 16:48:47.725131,CUST_0925
PAY_000372,54.7,1.58,53.12,USD,Digital Wallet,Succeeded,2025-10-04 16:48:47.725156,CUST_0725
PAY_000373,909.74,28.94,880.8,USD,Digital Wallet,Succeeded,2025-09-11 16:48:47.725181,CUST_0899
PAY_000374,801.79,22.23,779.56,USD,Digital Wallet,Succeeded,2025-11-19 16:48:47.725206,CUST_0234
PAY_000375,431.53,11.58,419.95,USD,Debit Card,Succeeded,2025-10-06 16:48:47.725230,CUST_0547
PAY_000376,591.18,25.63,565.55,USD,Bank Transfer,Succeeded,2025-11-21 16:48:47.725255,CUST_0699
PAY_000377,564.47,19.85,544.62,USD,Credit Card,Succeeded,2025-10-17 16:48:47.725279,CUST_0169
PAY_000378,220.57,9.39,211.17,USD,Bank Transfer,Succeeded,2025-10-24 16:48:47.725304,CUST_0095
PAY_000379,13.11,0.59,12.52,USD,Debit Card,Succeeded,2025-11-16 16:48:47.725328,CUST_0007
PAY_000380,959.6,22.93,936.68,USD,Credit Card,Succeeded,2025-09-28 16:48:47.725353,CUST_0534
PAY_000381,825.67,38.07,787.6,USD,Credit Card,Succeeded,2025-09-19 16:48:47.725377,CUST_0376
PAY_000382,826.32,27.27,799.05,USD,Debit Card,Succeeded,2025-11-09 16:48:47.725402,CUST_0851
PAY_000383,441.88,16.47,425.41,USD,Credit Card,Succeeded,2025-10-25 16:48:47.725427,CUST_0877
PAY_000384,278.0,9.48,268.52,USD,Credit Card,Succeeded,2025-10-03 16:48:47.725451,CUST_0313
PAY_000385,838.39,17.1,821.3,USD,Credit Card,Succeeded,2025-11-06 16:48:47.725476,CUST_0019
PAY_000386,349.25,16.69,332.56,USD,Credit Card,Succeeded,2025-10-02 16:48:47.725500,CUST_0753
PAY_000387,188.85,5.95,182.9,USD,Bank Transfer,Succeeded,2025-11-29 16:48:47.725524,CUST_0571
PAY_000388,680.75,25.5,655.26,USD,Debit Card,Succeeded,2025-10-31 16:48:47.725549,CUST_0717
PAY_000389,544.42,14.95,529.48,USD,Digital Wallet,Succeeded,2025-10-29 16:48:47.725573,CUST_0966
PAY_000390,233.85,4.91,228.93,USD,Digital Wallet,Succeeded,2025-10-09 16:48:47.725598,CUST_0065
PAY_000391,376.42,18.06,358.36,USD,Bank Transfer,Succeeded,2025-11-26 16:48:47.725622,CUST_0441
PAY_000392,108.14,2.29,105.86,USD,Debit Card,Succeeded,2025-12-01 16:48:47.725646,CUST_0613
PAY_000393,206.89,10.29,196.59,USD,Credit Card,Succeeded,2025-09-28 16:48:47.725671,CUST_0941
PAY_000394,619.0,24.81,594.19,USD,Digital Wallet,Succeeded,2025-11-24 16:48:47.725695,CUST_0702
PAY_000395,987.03,25.5,961.53,USD,Digital Wallet,Succeeded,2025-09-14 16:48:47.725719,CUST_0746
PAY_000396,244.9,5.49,239.4,USD,Digital Wallet,Succeeded,2025-09-20 16:48:47.725744,CUST_0908
PAY_000397,799.33,30.99,768.34,USD,Digital Wallet,Succeeded,2025-10-14 16:48:47.725768,CUST_0546
PAY_000398,949.74,41.14,908.6,USD,Debit Card,Succeeded,2025-09-22 16:48:47.725793,CUST_0822
PAY_000399,331.52,14.63,316.9,USD,Bank Transfer,Succeeded,2025-09-26 16:48:47.725817,CUST_0305
PAY_000400,212.99,10.08,202.92,USD,Digital Wallet,Succeeded,2025-09-29 16:48:47.725842,CUST_0611
PAY_000401,492.24,24.57,467.67,USD,Bank Transfer,Succeeded,2025-10-19 16:48:47.725866,CUST_0283
PAY_000402,103.72,3.22,100.5,USD,Credit Card,Succeeded,2025-11-03 16:48:47.725892,CUST_0518
PAY_000403,67.79,3.1,64.68,USD,Debit Card,Succeeded,2025-10-01 16:48:47.725916,CUST_0856
PAY_000404,707.09,22.62,684.47,USD,Credit Card,Succeeded,2025-10-11 16:48:47.725941,CUST_0671
PAY_000405,739.17,22.61,716.56,USD,Bank Transfer,Succeeded,2025-12-07 16:48:47.725966,CUST_0992
PAY_000406,296.14,14.08,282.07,USD,Debit Card,Succeeded,2025-11-16 16:48:47.725990,CUST_0487
PAY_000407,708.31,28.24,680.07,USD,Digital Wallet,Succeeded,2025-09-16 16:48:47.726014,CUST_0033
PAY_000408,342.37,8.66,333.71,USD,Debit Card,Succeeded,2025-10-18 16:48:47.726038,CUST_0096
PAY_000409,496.29,14.28,482.01,USD,Bank Transfer,Succeeded,2025-11-22 16:48:47.726063,CUST_0834
PAY_000410,826.84,20.36,806.48,USD,Bank Transfer,Succeeded,2025-09-24 16:48:47.726087,CUST_0790
PAY_000411,293.05,7.27,285.77,USD,Bank Transfer,Succeeded,2025-11-08 16:48:47.726111,CUST_0937
PAY_000412,467.96,12.07,455.88,USD,Credit Card,Succeeded,2025-10-16 16:48:47.726135,CUST_0462
PAY_000413,952.34,44.03,908.31,USD,Debit Card,Succeeded,2025-11-28 16:48:47.726160,CUST_0862
PAY_000414,245.12,8.83,236.3,USD,Credit Card,Succeeded,2025-11-30 16:48:47.726184,CUST_0856
PAY_000415,950.9,45.62,905.28,USD,Debit Card,Failed,2025-10-05 16:48:47.726209,CUST_0979
PAY_000416,238.19,5.12,233.07,USD,Debit Card,Succeeded,2025-09-14 16:48:47.726233,CUST_0116
PAY_000417,716.5,17.64,698.86,USD,Bank Transfer,Succeeded,2025-10-19 16:48:47.726258,CUST_0590
PAY_000418,787.64,33.62,754.02,USD,Credit Card,Succeeded,2025-12-01 16:48:47.726282,CUST_0765
PAY_000419,144.61,5.93,138.68,USD,Digital Wallet,Succeeded,2025-11-08 16:48:47.726307,CUST_0880
PAY_000420,869.55,35.51,834.04,USD,Bank Transfer,Succeeded,2025-09-19 16:48:47.726332,CUST_0306
PAY_000421,914.5,24.64,889.86,USD,Bank Transfer,Succeeded,2025-12-01 16:48:47.726357,CUST_0975
PAY_000422,288.41,13.17,275.24,USD,Digital Wallet,Succeeded,2025-11-06 16:48:47.726381,CUST_0349
PAY_000423,356.72,7.28,349.44,USD,Credit Card,Succeeded,2025-10-22 16:48:47.726406,CUST_0116
PAY_000424,632.51,31.51,601.0,USD,Digital Wallet,Succeeded,2025-09-18 16:48:47.726430,CUST_0946
PAY_000425,405.06,17.74,387.31,USD,Digital Wallet,Succeeded,2025-11-22 16:48:47.726455,CUST_0069
PAY_000426,628.91,22.77,606.14,USD,Credit Card,Succeeded,2025-09-15 16:48:47.726480,CUST_0703
PAY_000427,970.21,47.72,922.5,USD,Bank Transfer,Succeeded,2025-11-09 16:48:47.726505,CUST_0644
PAY_000428,298.57,11.55,287.02,USD,Debit Card,Succeeded,2025-10-21 16:48:47.726530,CUST_0301
PAY_000429,554.34,24.27,530.07,USD,Digital Wallet,Succeeded,2025-09-30 16:48:47.726554,CUST_0261
PAY_000430,460.1,22.85,437.25,USD,Digital Wallet,Succeeded,2025-10-06 16:48:47.726578,CUST_0661
PAY_000431,936.15,35.47,900.68,USD,Digital Wallet,Succeeded,2025-10-19 16:48:47.726603,CUST_0038
PAY_000432,864.19,39.35,824.84,USD,Digital Wallet,Succeeded,2025-09-12 16:48:47.726627,CUST_0748
PAY_000433,210.68,5.29,205.39,USD,Bank Transfer,Succeeded,2025-10-05 16:48:47.726652,CUST_0769
PAY_000434,112.52,4.88,107.64,USD,Credit Card,Succeeded,2025-10-01 16:48:47.726676,CUST_0662
PAY_000435,821.37,38.69,782.68,USD,Digital Wallet,Succeeded,2025-10-13 16:48:47.726701,CUST_0664
PAY_000436,672.78,18.16,654.63,USD,Digital Wallet,Succeeded,2025-12-07 16:48:47.726726,CUST_0433
PAY_000437,237.2,8.48,228.72,USD,Bank Transfer,Succeeded,2025-11-04 16:48:47.726751,CUST_0109
PAY_000438,610.43,20.91,589.52,USD,Credit Card,Failed,2025-11-26 16:48:47.726777,CUST_0220
PAY_000439,41.38,1.53,39.85,USD,Digital Wallet,Succeeded,2025-11-27 16:48:47.726802,CUST_0234
PAY_000440,340.65,12.05,328.6,USD,Credit Card,Succeeded,2025-09-11 16:48:47.726827,CUST_0522
PAY_000441,494.51,13.02,481.49,USD,Debit Card,Succeeded,2025-12-02 16:48:47.726852,CUST_0451
PAY_000442,212.07,5.99,206.08,USD,Digital Wallet,Succeeded,2025-11-09 16:48:47.726876,CUST_0967
PAY_000443,230.48,7.92,222.56,USD,Debit Card,Succeeded,2025-10-10 16:48:47.726901,CUST_0478
PAY_000444,279.49,6.34,273.16,USD,Digital Wallet,Succeeded,2025-10-24 16:48:47.726925,CUST_0327
PAY_000445,920.57,20.18,900.38,USD,Credit Card,Succeeded,2025-10-12 16:48:47.726950,CUST_0404
PAY_000446,607.71,17.78,589.93,USD,Credit Card,Succeeded,2025-11-17 16:48:47.726974,CUST_0978
PAY_000447,794.09,26.08,768.01,USD,Credit Card,Succeeded,2025-12-03 16:48:47.726999,CUST_0259
PAY_000448,160.51,4.49,156.02,USD,Credit Card,Succeeded,2025-11-24 16:48:47.727036,CUST_0607
PAY_000449,593.46,27.79,565.67,USD,Bank Transfer,Succeeded,2025-10-07 16:48:47.727062,CUST_0686
PAY_000450,860.05,36.17,823.87,USD,Credit Card,Succeeded,2025-10-10 16:48:47.727088,CUST_0500
PAY_000451,108.53,4.51,104.02,USD,Debit Card,Succeeded,2025-11-27 16:48:47.727112,CUST_0398
PAY_000452,123.44,4.65,118.8,USD,Bank Transfer,Failed,2025-10-23 16:48:47.727137,CUST_0275
PAY_000453,579.9,24.69,555.21,USD,Debit Card,Succeeded,2025-11-23 16:48:47.727162,CUST_0071
PAY_000454,142.9,2.94,139.96,USD,Credit Card,Succeeded,2025-09-15 16:48:47.727187,CUST_0070
PAY_000455,135.16,6.37,128.79,USD,Credit Card,Succeeded,2025-10-03 16:48:47.727213,CUST_0498
PAY_000456,257.95,12.77,245.17,USD,Debit Card,Succeeded,2025-09-20 16:48:47.727239,CUST_0128
PAY_000457,545.73,14.09,531.63,USD,Credit Card,Succeeded,2025-09-23 16:48:47.727263,CUST_0245
PAY_000458,925.79,40.93,884.86,USD,Credit Card,Succeeded,2025-09-14 16:48:47.727289,CUST_0813
PAY_000459,949.13,19.8,929.33,USD,Credit Card,Succeeded,2025-09-25 16:48:47.727314,CUST_0689
PAY_000460,772.46,26.47,745.99,USD,Bank Transfer,Succeeded,2025-10-23 16:48:47.727338,CUST_0675
PAY_000461,201.36,4.75,196.61,USD,Credit Card,Succeeded,2025-09-19 16:48:47.727362,CUST_0635
PAY_000462,267.65,7.26,260.39,USD,Debit Card,Succeeded,2025-10-15 16:48:47.727387,CUST_0668
PAY_000463,332.94,9.56,323.37,USD,Credit Card,Succeeded,2025-11-01 16:48:47.727411,CUST_0931
PAY_000464,99.37,3.83,95.54,USD,Digital Wallet,Succeeded,2025-10-16 16:48:47.727435,CUST_0625
PAY_000465,944.62,23.73,920.88,USD,Credit Card,Succeeded,2025-10-24 16:48:47.727460,CUST_0875
PAY_000466,424.9,15.05,409.85,USD,Digital Wallet,Succeeded,2025-09-19 16:48:47.727484,CUST_0681
PAY_000467,56.82,1.26,55.56,USD,Credit Card,Succeeded,2025-11-13 16:48:47.727509,CUST_0909
PAY_000468,350.86,8.59,342.26,USD,Digital Wallet,Succeeded,2025-12-05 16:48:47.727533,CUST_0377
PAY_000469,297.38,5.96,291.42,USD,Credit Card,Succeeded,2025-10-27 16:48:47.727558,CUST_0062
PAY_000470,176.28,3.57,172.72,USD,Bank Transfer,Succeeded,2025-12-04 16:48:47.727583,CUST_0954
PAY_000471,910.18,42.42,867.77,USD,Credit Card,Succeeded,2025-12-05 16:48:47.727608,CUST_0001
PAY_000472,163.62,3.66,159.96,USD,Bank Transfer,Succeeded,2025-09-17 16:48:47.727632,CUST_0228
PAY_000473,928.61,44.68,883.93,USD,Digital Wallet,Succeeded,2025-11-04 16:48:47.727657,CUST_0153
PAY_000474,593.33,16.92,576.41,USD,Bank Transfer,Succeeded,2025-09-26 16:48:47.727681,CUST_0569
PAY_000475,90.86,2.42,88.44,USD,Credit Card,Succeeded,2025-09-11 16:48:47.727706,CUST_0991
PAY_000476,447.39,13.25,434.14,USD,Digital Wallet,Succeeded,2025-11-17 16:48:47.727730,CUST_0581
PAY_000477,280.3,12.06,268.24,USD,Debit Card,Succeeded,2025-10-19 16:48:47.727755,CUST_0899
PAY_000478,307.69,8.25,299.44,USD,Credit Card,Pending,2025-11-13 16:48:47.727779,CUST_0559
PAY_000479,429.9,15.99,413.91,USD,Debit Card,Succeeded,2025-10-20 16:48:47.727804,CUST_0449
PAY_000480,146.99,4.82,142.17,USD,Digital Wallet,Succeeded,2025-10-07 16:48:47.727829,CUST_0947
PAY_000481,101.54,3.88,97.66,USD,Debit Card,Succeeded,2025-10-30 16:48:47.727853,CUST_0590
PAY_000482,225.94,7.35,218.59,USD,Credit Card,Succeeded,2025-10-14 16:48:47.727878,CUST_0314
PAY_000483,843.02,23.88,819.14,USD,Credit Card,Succeeded,2025-11-25 16:48:47.727902,CUST_0448
PAY_000484,289.72,10.96,278.75,USD,Credit Card,Succeeded,2025-11-12 16:48:47.727927,CUST_0448
PAY_000485,335.0,14.45,320.55,USD,Digital Wallet,Succeeded,2025-11-22 16:48:47.727951,CUST_0256
PAY_000486,332.4,10.39,322.01,USD,Digital Wallet,Succeeded,2025-10-25 16:48:47.727975,CUST_0792
PAY_000487,688.21,22.41,665.79,USD,Credit Card,Succeeded,2025-09-20 16:48:47.728000,CUST_0802
PAY_000488,845.09,23.32,821.77,USD,Digital Wallet,Succeeded,2025-11-03 16:48:47.728025,CUST_0772
PAY_000489,600.2,24.71,575.5,USD,Digital Wallet,Succeeded,2025-11-15 16:48:47.728049,CUST_0142
PAY_000490,822.06,20.11,801.95,USD,Credit Card,Succeeded,2025-09-25 16:48:47.728073,CUST_0936
PAY_000491,865.55,27.58,837.96,USD,Credit Card,Succeeded,2025-09-12 16:48:47.728098,CUST_0895
PAY_000492,879.96,23.2,856.76,USD,Bank Transfer,Succeeded,2025-09-21 16:48:47.728122,CUST_0679
PAY_000493,597.22,28.0,569.21,USD,Bank Transfer,Succeeded,2025-11-19 16:48:47.728147,CUST_0886
PAY_000494,869.25,22.38,846.87,USD,Bank Transfer,Succeeded,2025-11-04 16:48:47.728172,CUST_0092
PAY_000495,374.79,8.14,366.65,USD,Credit Card,Succeeded,2025-11-07 16:48:47.728196,CUST_0728
PAY_000496,603.83,16.59,587.24,USD,Digital Wallet,Succeeded,2025-11-16 16:48:47.728220,CUST_0054
PAY_000497,936.47,21.47,915.0,USD,Digital Wallet,Succeeded,2025-10-05 16:48:47.728245,CUST_0266
PAY_000498,622.87,19.81,603.05,USD,Credit Card,Succeeded,2025-11-27 16:48:47.728269,CUST_0031
PAY_000499,91.95,4.59,87.36,USD,Credit Card,Succeeded,2025-10-08 16:48:47.728294,CUST_0945
PAY_000500,791.25,34.73,756.52,USD,Bank Transfer,Failed,2025-11-23 16:48:47.728318,CUST_0744
PAY_000501,96.95,4.53,92.42,USD,Digital Wallet,Succeeded,2025-10-27 16:48:47.728343,CUST_0262
PAY_000502,200.0,4.59,195.41,USD,Digital Wallet,Succeeded,2025-11-30 16:48:47.728367,CUST_0196
PAY_000503,70.61,1.93,68.69,USD,Debit Card,Pending,2025-10-12 16:48:47.728393,CUST_0427
PAY_000504,198.46,4.87,193.59,USD,Bank Transfer,Succeeded,2025-09-13 16:48:47.728419,CUST_0177
PAY_000505,724.37,15.59,708.78,USD,Credit Card,Succeeded,2025-11-09 16:48:47.728443,CUST_0964
PAY_000506,219.99,6.59,213.4,USD,Digital Wallet,Succeeded,2025-09-16 16:48:47.728468,CUST_0519
PAY_000507,165.43,5.15,160.28,USD,Credit Card,Succeeded,2025-11-29 16:48:47.728492,CUST_0095
PAY_000508,967.73,46.93,920.8,USD,Credit Card,Succeeded,2025-10-28 16:48:47.728517,CUST_0504
PAY_000509,217.85,8.75,209.1,USD,Bank Transfer,Succeeded,2025-09-23 16:48:47.728541,CUST_0945
PAY_000510,620.31,12.45,607.86,USD,Debit Card,Succeeded,2025-12-02 16:48:47.728566,CUST_0574
PAY_000511,368.12,12.84,355.28,USD,Credit Card,Succeeded,2025-11-01 16:48:47.728591,CUST_0185
PAY_000512,698.82,15.03,683.79,USD,Credit Card,Succeeded,2025-10-14 16:48:47.728615,CUST_0512
PAY_000513,615.27,14.78,600.49,USD,Bank Transfer,Succeeded,2025-09-12 16:48:47.728639,CUST_0264
PAY_000514,707.78,16.57,691.21,USD,Bank Transfer,Succeeded,2025-09-30 16:48:47.728663,CUST_0043
PAY_000515,86.82,3.75,83.07,USD,Debit Card,Succeeded,2025-11-25 16:48:47.728688,CUST_0524
PAY_000516,997.64,35.89,961.75,USD,Bank Transfer,Succeeded,2025-11-11 16:48:47.728713,CUST_0515
PAY_000517,791.25,39.5,751.75,USD,Digital Wallet,Succeeded,2025-09-19 16:48:47.728761,CUST_0040
PAY_000518,940.94,32.27,908.67,USD,Credit Card,Succeeded,2025-11-21 16:48:47.728786,CUST_0891
PAY_000519,193.39,7.9,185.49,USD,Digital Wallet,Succeeded,2025-11-29 16:48:47.728811,CUST_0655
PAY_000520,973.57,36.77,936.81,USD,Credit Card,Succeeded,2025-10-09 16:48:47.728837,CUST_0835
PAY_000521,348.85,7.21,341.64,USD,Bank Transfer,Succeeded,2025-10-18 16:48:47.728975,CUST_0492
PAY_000522,48.83,1.28,47.55,USD,Bank Transfer,Succeeded,2025-11-17 16:48:47.729079,CUST_0404
PAY_000523,793.73,20.15,773.58,USD,Credit Card,Succeeded,2025-10-23 16:48:47.729599,CUST_0227
PAY_000524,37.21,1.22,35.99,USD,Digital Wallet,Succeeded,2025-11-20 16:48:47.729747,CUST_0134
PAY_000525,214.56,10.67,203.9,USD,Bank Transfer,Succeeded,2025-11-01 16:48:47.729826,CUST_0057
PAY_000526,279.28,13.66,265.62,USD,Bank Transfer,Succeeded,2025-11-27 16:48:47.729866,CUST_0326
PAY_000527,711.82,14.98,696.84,USD,Debit Card,Succeeded,2025-10-15 16:48:47.729901,CUST_0655
PAY_000528,784.13,35.67,748.45,USD,Debit Card,Succeeded,2025-12-05 16:48:47.729933,CUST_0155
PAY_000529,806.18,37.63,768.55,USD,Debit Card,Succeeded,2025-12-05 16:48:47.729964,CUST_0343
PAY_000530,369.37,14.23,355.13,USD,Bank Transfer,Succeeded,2025-12-02 16:48:47.729997,CUST_0354
PAY_000531,167.61,5.37,162.24,USD,Credit Card,Succeeded,2025-10-29 16:48:47.730028,CUST_0074
PAY_000532,583.72,20.27,563.45,USD,Bank Transfer,Succeeded,2025-10-01 16:48:47.730057,CUST_0562
PAY_000533,176.15,4.59,171.56,USD,Credit Card,Succeeded,2025-10-29 16:48:47.730089,CUST_0781
PAY_000534,351.77,13.87,337.9,USD,Debit Card,Succeeded,2025-09-26 16:48:47.730121,CUST_0310
PAY_000535,817.54,34.18,783.36,USD,Digital Wallet,Succeeded,2025-10-11 16:48:47.730227,CUST_0567
PAY_000536,634.97,27.38,607.58,USD,Credit Card,Succeeded,2025-10-17 16:48:47.730279,CUST_0298
PAY_000537,193.66,4.25,189.41,USD,Credit Card,Succeeded,2025-10-11 16:48:47.730319,CUST_0453
PAY_000538,663.31,24.72,638.6,USD,Bank Transfer,Succeeded,2025-10-10 16:48:47.730354,CUST_0349
PAY_000539,353.26,17.14,336.12,USD,Bank Transfer,Succeeded,2025-10-14 16:48:47.730397,CUST_0542
PAY_000540,363.09,14.97,348.12,USD,Bank Transfer,Succeeded,2025-09-26 16:48:47.730446,CUST_0783
PAY_000541,836.17,23.67,812.5,USD,Digital Wallet,Succeeded,2025-12-01 16:48:47.730486,CUST_0976
PAY_000542,639.39,23.85,615.54,USD,Digital Wallet,Succeeded,2025-10-09 16:48:47.730534,CUST_0805
PAY_000543,155.87,7.58,148.28,USD,Digital Wallet,Succeeded,2025-11-11 16:48:47.730568,CUST_0534
PAY_000544,56.39,1.96,54.42,USD,Credit Card,Succeeded,2025-10-12 16:48:47.730607,CUST_0270
PAY_000545,829.14,30.9,798.24,USD,Credit Card,Succeeded,2025-09-18 16:48:47.730705,CUST_0090
PAY_000546,841.88,38.22,803.66,USD,Credit Card,Succeeded,2025-11-03 16:48:47.730772,CUST_0067
PAY_000547,708.49,34.41,674.08,USD,Bank Transfer,Succeeded,2025-09-17 16:48:47.730852,CUST_0382
PAY_000548,346.49,16.18,330.3,USD,Debit Card,Succeeded,2025-09-13 16:48:47.730907,CUST_0190
PAY_000549,332.9,13.99,318.91,USD,Debit Card,Succeeded,2025-10-26 16:48:47.730959,CUST_0841
PAY_000550,475.9,14.15,461.75,USD,Credit Card,Succeeded,2025-12-01 16:48:47.731009,CUST_0508
PAY_000551,901.3,27.02,874.28,USD,Bank Transfer,Succeeded,2025-11-04 16:48:47.731073,CUST_0241
PAY_000552,925.06,36.03,889.03,USD,Debit Card,Succeeded,2025-09-28 16:48:47.731105,CUST_0566
PAY_000553,975.06,33.16,941.9,USD,Digital Wallet,Succeeded,2025-11-30 16:48:47.731135,CUST_0168
PAY_000554,53.48,1.16,52.32,USD,Digital Wallet,Succeeded,2025-12-01 16:48:47.731171,CUST_0251
PAY_000555,58.79,1.82,56.97,USD,Digital Wallet,Succeeded,2025-12-09 16:48:47.731212,CUST_0850
PAY_000556,903.32,34.3,869.02,USD,Debit Card,Succeeded,2025-09-25 16:48:47.731253,CUST_0730
PAY_000557,983.31,30.56,952.76,USD,Debit Card,Succeeded,2025-12-09 16:48:47.731297,CUST_0853
PAY_000558,118.87,3.84,115.04,USD,Credit Card,Succeeded,2025-10-18 16:48:47.731345,CUST_0777
PAY_000559,371.62,7.5,364.12,USD,Bank Transfer,Succeeded,2025-09-22 16:48:47.731390,CUST_0546
PAY_000560,31.77,1.25,30.52,USD,Credit Card,Succeeded,2025-11-11 16:48:47.731434,CUST_0860
PAY_000561,483.9,19.18,464.72,USD,Debit Card,Succeeded,2025-11-30 16:48:47.731477,CUST_0436
PAY_000562,168.73,3.58,165.15,USD,Credit Card,Succeeded,2025-11-11 16:48:47.731519,CUST_0548
PAY_000563,381.72,13.49,368.22,USD,Credit Card,Succeeded,2025-10-06 16:48:47.731558,CUST_0663
PAY_000564,365.31,10.28,355.03,USD,Digital Wallet,Succeeded,2025-11-11 16:48:47.731599,CUST_0024
PAY_000565,147.27,3.61,143.67,USD,Bank Transfer,Succeeded,2025-09-17 16:48:47.731640,CUST_0504
PAY_000566,436.9,10.49,426.41,USD,Credit Card,Succeeded,2025-09-22 16:48:47.731695,CUST_0515
PAY_000567,781.48,36.91,744.57,USD,Bank Transfer,Succeeded,2025-09-19 16:48:47.731739,CUST_0989
PAY_000568,63.08,2.38,60.7,USD,Debit Card,Pending,2025-10-22 16:48:47.731777,CUST_0253
PAY_000569,503.23,12.42,490.82,USD,Credit Card,Succeeded,2025-10-03 16:48:47.731817,CUST_0791
PAY_000570,967.34,35.45,931.89,USD,Debit Card,Succeeded,2025-10-26 16:48:47.731857,CUST_0694
PAY_000571,312.94,14.89,298.05,USD,Debit Card,Succeeded,2025-11-14 16:48:47.731891,CUST_0333
PAY_000572,204.25,6.28,197.97,USD,Digital Wallet,Succeeded,2025-11-04 16:48:47.731930,CUST_0607
PAY_000573,379.19,8.12,371.08,USD,Bank Transfer,Succeeded,2025-11-15 16:48:47.731967,CUST_0195
PAY_000574,582.32,26.31,556.01,USD,Credit Card,Succeeded,2025-09-28 16:48:47.732003,CUST_0796
PAY_000575,763.4,31.44,731.96,USD,Credit Card,Succeeded,2025-11-29 16:48:47.732037,CUST_0164
PAY_000576,269.82,11.71,258.11,USD,Credit Card,Succeeded,2025-10-22 16:48:47.732073,CUST_0062
PAY_000577,367.68,10.37,357.31,USD,Digital Wallet,Succeeded,2025-10-03 16:48:47.732107,CUST_0539
PAY_000578,676.82,15.35,661.47,USD,Credit Card,Failed,2025-10-07 16:48:47.732139,CUST_0986
PAY_000579,705.14,23.89,681.24,USD,Credit Card,Succeeded,2025-10-25 16:48:47.732175,CUST_0810
PAY_000580,744.22,19.58,724.64,USD,Bank Transfer,Succeeded,2025-11-25 16:48:47.732216,CUST_0317
PAY_000581,718.59,22.0,696.59,USD,Credit Card,Succeeded,2025-10-29 16:48:47.732252,CUST_0622
PAY_000582,701.91,15.16,686.75,USD,Debit Card,Succeeded,2025-11-25 16:48:47.732290,CUST_0170
PAY_000583,990.67,33.77,956.9,USD,Bank Transfer,Succeeded,2025-10-18 16:48:47.732325,CUST_0618
PAY_000584,873.97,22.61,851.36,USD,Bank Transfer,Succeeded,2025-10-31 16:48:47.732353,CUST_0571
PAY_000585,706.75,19.96,686.79,USD,Bank Transfer,Succeeded,2025-10-04 16:48:47.732384,CUST_0288
PAY_000586,607.04,12.95,594.09,USD,Digital Wallet,Succeeded,2025-12-07 16:48:47.732414,CUST_0122
PAY_000587,844.2,26.5,817.69,USD,Debit Card,Failed,2025-09-30 16:48:47.732444,CUST_0985
PAY_000588,859.63,33.24,826.39,USD,Digital Wallet,Succeeded,2025-10-17 16:48:47.732471,CUST_0464
PAY_000589,373.41,7.92,365.49,USD,Digital Wallet,Succeeded,2025-10-27 16:48:47.732499,CUST_0092
PAY_000590,622.04,21.01,601.03,USD,Bank Transfer,Succeeded,2025-10-06 16:48:47.732526,CUST_0241
PAY_000591,581.82,24.38,557.44,USD,Bank Transfer,Succeeded,2025-11-24 16:48:47.732555,CUST_0241
PAY_000592,380.08,18.44,361.64,USD,Bank Transfer,Succeeded,2025-11-01 16:48:47.732583,CUST_0111
PAY_000593,987.81,42.41,945.4,USD,Credit Card,Succeeded,2025-10-11 16:48:47.732611,CUST_0640
PAY_000594,118.59,5.82,112.77,USD,Bank Transfer,Succeeded,2025-09-22 16:48:47.732651,CUST_0475
PAY_000595,131.79,3.29,128.5,USD,Bank Transfer,Pending,2025-10-02 16:48:47.732683,CUST_0591
PAY_000596,263.99,9.25,254.74,USD,Debit Card,Succeeded,2025-11-07 16:48:47.732711,CUST_0184
PAY_000597,490.54,20.87,469.67,USD,Digital Wallet,Succeeded,2025-10-13 16:48:47.732741,CUST_0394
PAY_000598,367.76,8.83,358.93,USD,Credit Card,Succeeded,2025-09-29 16:48:47.732768,CUST_0831
PAY_000599,296.46,9.5,286.96,USD,Digital Wallet,Succeeded,2025-11-27 16:48:47.732794,CUST_0254
PAY_000600,246.33,6.01,240.32,USD,Credit Card,Succeeded,2025-09-18 16:48:47.732820,CUST_0098
PAY_000601,778.13,23.46,754.67,USD,Bank Transfer,Succeeded,2025-10-12 16:48:47.732846,CUST_0088
PAY_000602,528.31,26.1,502.21,USD,Bank Transfer,Succeeded,2025-12-07 16:48:47.732874,CUST_0304
PAY_000603,636.07,25.62,610.44,USD,Digital Wallet,Succeeded,2025-12-04 16:48:47.732904,CUST_0681
PAY_000604,586.92,24.5,562.42,USD,Credit Card,Succeeded,2025-11-11 16:48:47.732931,CUST_0196
PAY_000605,90.24,3.22,87.02,USD,Debit Card,Succeeded,2025-10-21 16:48:47.732958,CUST_0369
PAY_000606,701.71,28.67,673.05,USD,Digital Wallet,Succeeded,2025-10-01 16:48:47.732984,CUST_0378
PAY_000607,665.54,18.29,647.24,USD,Credit Card,Succeeded,2025-11-20 16:48:47.733010,CUST_0864
PAY_000608,120.83,5.63,115.2,USD,Credit Card,Succeeded,2025-12-04 16:48:47.733038,CUST_0105
PAY_000609,443.69,15.94,427.75,USD,Bank Transfer,Succeeded,2025-11-02 16:48:47.733063,CUST_0618
PAY_000610,71.74,2.96,68.79,USD,Credit Card,Succeeded,2025-11-05 16:48:47.733091,CUST_0560
PAY_000611,307.62,6.51,301.12,USD,Bank Transfer,Succeeded,2025-09-13 16:48:47.733116,CUST_0439
PAY_000612,614.67,23.37,591.3,USD,Bank Transfer,Succeeded,2025-10-29 16:48:47.733142,CUST_0297
PAY_000613,130.92,3.47,127.45,USD,Digital Wallet,Succeeded,2025-09-13 16:48:47.733168,CUST_0172
PAY_000614,49.03,1.0,48.02,USD,Credit Card,Succeeded,2025-11-02 16:48:47.733194,CUST_0320
PAY_000615,876.82,23.66,853.16,USD,Digital Wallet,Succeeded,2025-12-06 16:48:47.733220,CUST_0617
PAY_000616,219.93,5.06,214.88,USD,Digital Wallet,Succeeded,2025-10-21 16:48:47.733245,CUST_0190
PAY_000617,96.07,2.37,93.7,USD,Digital Wallet,Succeeded,2025-09-24 16:48:47.733271,CUST_0363
PAY_000618,299.8,10.63,289.17,USD,Credit Card,Failed,2025-11-11 16:48:47.733296,CUST_0156
PAY_000619,670.73,28.24,642.49,USD,Debit Card,Failed,2025-10-19 16:48:47.733322,CUST_0814
PAY_000620,946.98,22.48,924.5,USD,Debit Card,Succeeded,2025-10-27 16:48:47.733347,CUST_0937
PAY_000621,750.42,25.15,725.27,USD,Digital Wallet,Succeeded,2025-09-12 16:48:47.733373,CUST_0774
PAY_000622,827.13,39.08,788.05,USD,Credit Card,Succeeded,2025-09-17 16:48:47.733398,CUST_0008
PAY_000623,977.62,35.02,942.6,USD,Bank Transfer,Succeeded,2025-09-21 16:48:47.733424,CUST_0846
PAY_000624,651.12,24.0,627.12,USD,Bank Transfer,Succeeded,2025-11-06 16:48:47.733451,CUST_0874
PAY_000625,73.89,2.52,71.37,USD,Credit Card,Succeeded,2025-11-22 16:48:47.733476,CUST_0646
PAY_000626,249.47,5.64,243.83,USD,Debit Card,Succeeded,2025-09-12 16:48:47.733502,CUST_0241
PAY_000627,347.61,14.81,332.8,USD,Debit Card,Succeeded,2025-11-21 16:48:47.733527,CUST_0391
PAY_000628,711.84,26.53,685.31,USD,Debit Card,Succeeded,2025-11-22 16:48:47.733553,CUST_0767
PAY_000629,81.25,2.7,78.55,USD,Digital Wallet,Succeeded,2025-09-13 16:48:47.733579,CUST_0049
PAY_000630,268.16,10.15,258.0,USD,Credit Card,Succeeded,2025-10-19 16:48:47.733605,CUST_0976
PAY_000631,364.65,18.02,346.62,USD,Bank Transfer,Succeeded,2025-11-11 16:48:47.733673,CUST_0403
PAY_000632,967.83,46.53,921.3,USD,Digital Wallet,Succeeded,2025-09-23 16:48:47.733711,CUST_0252
PAY_000633,508.24,17.27,490.97,USD,Digital Wallet,Succeeded,2025-11-19 16:48:47.733752,CUST_0960
PAY_000634,383.58,8.83,374.75,USD,Digital Wallet,Succeeded,2025-11-23 16:48:47.733779,CUST_0167
PAY_000635,599.06,22.07,576.99,USD,Bank Transfer,Succeeded,2025-09-12 16:48:47.733804,CUST_0858
PAY_000636,31.43,0.85,30.58,USD,Bank Transfer,Succeeded,2025-12-02 16:48:47.733830,CUST_0509
PAY_000637,156.74,3.25,153.49,USD,Digital Wallet,Succeeded,2025-09-23 16:48:47.733856,CUST_0364
PAY_000638,741.66,25.66,716.0,USD,Credit Card,Succeeded,2025-10-21 16:48:47.733882,CUST_0146
PAY_000639,627.31,29.84,597.48,USD,Credit Card,Succeeded,2025-10-07 16:48:47.733907,CUST_0574
PAY_000640,284.02,11.98,272.04,USD,Bank Transfer,Succeeded,2025-10-12 16:48:47.733932,CUST_0411
PAY_000641,659.89,19.08,640.82,USD,Digital Wallet,Succeeded,2025-11-27 16:48:47.733959,CUST_0625
PAY_000642,18.63,0.82,17.81,USD,Credit Card,Succeeded,2025-12-05 16:48:47.733986,CUST_0753
PAY_000643,812.84,21.57,791.27,USD,Debit Card,Failed,2025-11-15 16:48:47.734011,CUST_0108
PAY_000644,99.42,2.47,96.95,USD,Digital Wallet,Succeeded,2025-10-23 16:48:47.734037,CUST_0262
PAY_000645,670.72,18.29,652.43,USD,Credit Card,Succeeded,2025-11-03 16:48:47.734063,CUST_0035
PAY_000646,615.48,13.08,602.41,USD,Bank Transfer,Succeeded,2025-11-21 16:48:47.734087,CUST_0385
PAY_000647,349.64,13.33,336.32,USD,Digital Wallet,Succeeded,2025-10-22 16:48:47.734112,CUST_0883
PAY_000648,643.28,22.49,620.79,USD,Credit Card,Succeeded,2025-11-06 16:48:47.734137,CUST_0255
PAY_000649,915.38,42.11,873.27,USD,Bank Transfer,Succeeded,2025-10-27 16:48:47.734162,CUST_0098
PAY_000650,276.16,11.03,265.12,USD,Digital Wallet,Succeeded,2025-12-06 16:48:47.734187,CUST_0188
PAY_000651,577.55,11.93,565.62,USD,Digital Wallet,Succeeded,2025-09-28 16:48:47.734212,CUST_0954
PAY_000652,934.77,19.76,915.02,USD,Bank Transfer,Succeeded,2025-10-10 16:48:47.734237,CUST_0902
PAY_000653,204.19,4.51,199.68,USD,Digital Wallet,Succeeded,2025-11-04 16:48:47.734262,CUST_0739
PAY_000654,590.18,27.23,562.95,USD,Credit Card,Succeeded,2025-11-17 16:48:47.734288,CUST_0009
PAY_000655,971.91,25.1,946.82,USD,Bank Transfer,Succeeded,2025-10-24 16:48:47.734313,CUST_0728
PAY_000656,784.86,17.93,766.93,USD,Digital Wallet,Succeeded,2025-10-25 16:48:47.734338,CUST_0118
PAY_000657,398.17,10.86,387.31,USD,Bank Transfer,Succeeded,2025-09-29 16:48:47.734362,CUST_0936
PAY_000658,151.03,6.36,144.67,USD,Digital Wallet,Succeeded,2025-09-21 16:48:47.734387,CUST_0533
PAY_000659,391.29,13.58,377.71,USD,Credit Card,Succeeded,2025-10-02 16:48:47.734413,CUST_0410
PAY_000660,962.71,19.6,943.11,USD,Debit Card,Succeeded,2025-10-27 16:48:47.734440,CUST_0492
PAY_000661,15.09,0.49,14.6,USD,Bank Transfer,Succeeded,2025-09-22 16:48:47.734466,CUST_0646
PAY_000662,149.05,4.09,144.96,USD,Debit Card,Succeeded,2025-11-08 16:48:47.734491,CUST_0706
PAY_000663,808.58,34.51,774.07,USD,Bank Transfer,Succeeded,2025-09-26 16:48:47.734516,CUST_0228
PAY_000664,129.12,6.37,122.75,USD,Digital Wallet,Succeeded,2025-12-09 16:48:47.734541,CUST_0419
PAY_000665,763.02,34.28,728.75,USD,Debit Card,Succeeded,2025-10-28 16:48:47.734566,CUST_0947
PAY_000666,789.11,37.21,751.9,USD,Bank Transfer,Succeeded,2025-09-11 16:48:47.734591,CUST_0623
PAY_000667,605.03,12.2,592.83,USD,Credit Card,Succeeded,2025-12-03 16:48:47.734616,CUST_0490
PAY_000668,419.98,12.89,407.09,USD,Credit Card,Succeeded,2025-10-22 16:48:47.734650,CUST_0633
PAY_000669,429.52,12.79,416.73,USD,Debit Card,Succeeded,2025-10-27 16:48:47.734679,CUST_0850
PAY_000670,679.3,27.32,651.98,USD,Debit Card,Succeeded,2025-09-12 16:48:47.734705,CUST_0537
PAY_000671,931.5,26.35,905.15,USD,Bank Transfer,Succeeded,2025-11-16 16:48:47.734730,CUST_0038
PAY_000672,177.36,5.74,171.63,USD,Debit Card,Succeeded,2025-09-24 16:48:47.734756,CUST_0415
PAY_000673,801.16,39.96,761.2,USD,Bank Transfer,Succeeded,2025-11-25 16:48:47.734782,CUST_0102
PAY_000674,562.33,26.11,536.22,USD,Bank Transfer,Succeeded,2025-11-08 16:48:47.734814,CUST_0682
PAY_000675,673.93,24.66,649.27,USD,Credit Card,Succeeded,2025-11-24 16:48:47.734839,CUST_0444
PAY_000676,443.47,8.89,434.57,USD,Credit Card,Succeeded,2025-10-02 16:48:47.734864,CUST_0592
PAY_000677,824.14,35.73,788.4,USD,Credit Card,Succeeded,2025-10-22 16:48:47.734889,CUST_0413
PAY_000678,129.27,5.36,123.92,USD,Credit Card,Succeeded,2025-10-23 16:48:47.734915,CUST_0973
PAY_000679,904.47,33.89,870.58,USD,Digital Wallet,Succeeded,2025-10-05 16:48:47.734940,CUST_0862
PAY_000680,382.17,17.1,365.07,USD,Credit Card,Succeeded,2025-12-04 16:48:47.734965,CUST_0639
PAY_000681,714.17,19.19,694.98,USD,Debit Card,Succeeded,2025-10-02 16:48:47.734990,CUST_0382
PAY_000682,910.66,26.73,883.93,USD,Bank Transfer,Succeeded,2025-11-29 16:48:47.735014,CUST_0766
PAY_000683,756.19,25.17,731.01,USD,Digital Wallet,Succeeded,2025-11-26 16:48:47.735039,CUST_0839
PAY_000684,211.32,4.7,206.63,USD,Credit Card,Succeeded,2025-12-02 16:48:47.735063,CUST_0230
PAY_000685,34.19,1.62,32.57,USD,Bank Transfer,Succeeded,2025-09-12 16:48:47.735088,CUST_0148
PAY_000686,106.22,4.58,101.64,USD,Digital Wallet,Succeeded,2025-09-21 16:48:47.735113,CUST_0388
PAY_000687,45.63,2.2,43.43,USD,Debit Card,Succeeded,2025-11-12 16:48:47.735137,CUST_0982
PAY_000688,701.04,30.3,670.74,USD,Credit Card,Succeeded,2025-09-11 16:48:47.735162,CUST_0139
PAY_000689,971.65,45.56,926.08,USD,Digital Wallet,Succeeded,2025-11-18 16:48:47.735186,CUST_0819
PAY_000690,910.05,34.8,875.24,USD,Bank Transfer,Succeeded,2025-09-12 16:48:47.735210,CUST_0849
PAY_000691,918.79,45.21,873.57,USD,Debit Card,Succeeded,2025-12-04 16:48:47.735234,CUST_0403
PAY_000692,889.16,17.95,871.21,USD,Bank Transfer,Succeeded,2025-10-05 16:48:47.735259,CUST_0264
PAY_000693,642.19,29.64,612.55,USD,Bank Transfer,Succeeded,2025-11-26 16:48:47.735283,CUST_0692
PAY_000694,523.33,22.57,500.76,USD,Bank Transfer,Succeeded,2025-10-17 16:48:47.735308,CUST_0563
PAY_000695,42.42,1.64,40.79,USD,Credit Card,Succeeded,2025-10-25 16:48:47.735332,CUST_0230
PAY_000696,208.81,7.56,201.25,USD,Credit Card,Succeeded,2025-10-29 16:48:47.735357,CUST_0114
PAY_000697,640.92,24.04,616.88,USD,Debit Card,Succeeded,2025-09-30 16:48:47.735381,CUST_0604
PAY_000698,603.57,25.98,577.59,USD,Digital Wallet,Succeeded,2025-12-06 16:48:47.735405,CUST_0928
PAY_000699,734.77,23.33,711.44,USD,Bank Transfer,Succeeded,2025-10-31 16:48:47.735429,CUST_0159
PAY_000700,257.6,6.14,251.47,USD,Bank Transfer,Succeeded,2025-10-23 16:48:47.735454,CUST_0459
PAY_000701,934.22,41.11,893.11,USD,Bank Transfer,Succeeded,2025-12-04 16:48:47.735478,CUST_0777
PAY_000702,791.46,23.16,768.29,USD,Bank Transfer,Succeeded,2025-10-08 16:48:47.735503,CUST_0998
PAY_000703,247.59,8.03,239.56,USD,Debit Card,Succeeded,2025-12-07 16:48:47.735528,CUST_0624
PAY_000704,294.27,8.58,285.69,USD,Debit Card,Succeeded,2025-11-01 16:48:47.735552,CUST_0845
PAY_000705,11.7,0.25,11.45,USD,Debit Card,Succeeded,2025-11-29 16:48:47.735576,CUST_0371
PAY_000706,592.19,25.98,566.22,USD,Digital Wallet,Succeeded,2025-11-19 16:48:47.735601,CUST_0579
PAY_000707,610.72,23.56,587.16,USD,Digital Wallet,Succeeded,2025-09-16 16:48:47.735625,CUST_0659
PAY_000708,285.13,12.82,272.31,USD,Digital Wallet,Succeeded,2025-10-30 16:48:47.735661,CUST_0204
PAY_000709,44.39,1.54,42.85,USD,Bank Transfer,Succeeded,2025-10-06 16:48:47.735687,CUST_0544
PAY_000710,896.08,22.99,873.09,USD,Digital Wallet,Succeeded,2025-10-15 16:48:47.735713,CUST_0247
PAY_000711,234.06,10.18,223.88,USD,Credit Card,Succeeded,2025-10-28 16:48:47.735738,CUST_0151
PAY_000712,368.77,14.86,353.91,USD,Digital Wallet,Succeeded,2025-10-23 16:48:47.735763,CUST_0581
PAY_000713,412.36,9.21,403.14,USD,Credit Card,Succeeded,2025-09-18 16:48:47.735788,CUST_0564
PAY_000714,963.48,23.18,940.3,USD,Bank Transfer,Succeeded,2025-09-17 16:48:47.735813,CUST_0361
PAY_000715,636.03,21.84,614.2,USD,Credit Card,Succeeded,2025-10-08 16:48:47.735837,CUST_0984
PAY_000716,686.83,23.96,662.87,USD,Debit Card,Succeeded,2025-11-19 16:48:47.735862,CUST_0871
PAY_000717,871.46,42.14,829.32,USD,Bank Transfer,Succeeded,2025-09-28 16:48:47.735887,CUST_0086
PAY_000718,655.89,21.41,634.48,USD,Debit Card,Succeeded,2025-09-15 16:48:47.735913,CUST_0702
PAY_000719,668.32,25.99,642.33,USD,Digital Wallet,Succeeded,2025-11-20 16:48:47.735938,CUST_0779
PAY_000720,446.99,13.17,433.82,USD,Bank Transfer,Succeeded,2025-10-17 16:48:47.735962,CUST_0982
PAY_000721,883.77,21.05,862.72,USD,Bank Transfer,Succeeded,2025-10-25 16:48:47.735986,CUST_0889
PAY_000722,633.61,29.2,604.41,USD,Bank Transfer,Succeeded,2025-10-29 16:48:47.736010,CUST_0084
PAY_000723,608.57,19.71,588.86,USD,Debit Card,Succeeded,2025-10-25 16:48:47.736037,CUST_0267
PAY_000724,887.32,38.75,848.56,USD,Debit Card,Succeeded,2025-11-24 16:48:47.736061,CUST_0792
PAY_000725,975.09,29.74,945.35,USD,Credit Card,Failed,2025-09-28 16:48:47.736085,CUST_0386
PAY_000726,682.92,34.01,648.92,USD,Debit Card,Succeeded,2025-11-03 16:48:47.736111,CUST_0603
PAY_000727,144.0,6.23,137.77,USD,Bank Transfer,Succeeded,2025-10-13 16:48:47.736135,CUST_0513
PAY_000728,381.53,14.33,367.19,USD,Credit Card,Succeeded,2025-10-23 16:48:47.736160,CUST_0975
PAY_000729,950.76,40.23,910.54,USD,Digital Wallet,Succeeded,2025-11-14 16:48:47.736184,CUST_0324
PAY_000730,773.12,29.51,743.61,USD,Credit Card,Succeeded,2025-09-21 16:48:47.736209,CUST_0497
PAY_000731,966.11,42.76,923.35,USD,Debit Card,Succeeded,2025-11-25 16:48:47.736233,CUST_0814
PAY_000732,741.99,19.45,722.54,USD,Debit Card,Succeeded,2025-11-24 16:48:47.736258,CUST_0442
PAY_000733,618.45,28.93,589.52,USD,Bank Transfer,Failed,2025-11-11 16:48:47.736283,CUST_0164
PAY_000734,574.5,27.33,547.17,USD,Bank Transfer,Succeeded,2025-09-11 16:48:47.736313,CUST_0633
PAY_000735,132.0,4.51,127.5,USD,Bank Transfer,Succeeded,2025-10-01 16:48:47.736339,CUST_0084
PAY_000736,61.95,2.5,59.45,USD,Bank Transfer,Succeeded,2025-10-13 16:48:47.736363,CUST_0177
PAY_000737,598.69,23.48,575.21,USD,Debit Card,Succeeded,2025-11-18 16:48:47.736388,CUST_0447
PAY_000738,779.5,30.55,748.95,USD,Bank Transfer,Succeeded,2025-09-24 16:48:47.736413,CUST_0172
PAY_000739,198.88,6.04,192.84,USD,Bank Transfer,Succeeded,2025-09-23 16:48:47.736437,CUST_0394
PAY_000740,630.26,24.53,605.72,USD,Debit Card,Succeeded,2025-11-09 16:48:47.736462,CUST_0341
PAY_000741,885.7,29.7,856.0,USD,Debit Card,Succeeded,2025-11-11 16:48:47.736487,CUST_0911
PAY_000742,794.47,20.25,774.22,USD,Debit Card,Succeeded,2025-10-20 16:48:47.736514,CUST_0282
PAY_000743,546.56,24.97,521.58,USD,Debit Card,Succeeded,2025-11-02 16:48:47.736627,CUST_0878
PAY_000744,338.79,9.93,328.87,USD,Digital Wallet,Succeeded,2025-09-20 16:48:47.736721,CUST_0469
PAY_000745,524.18,24.61,499.57,USD,Debit Card,Succeeded,2025-09-30 16:48:47.736762,CUST_0460
PAY_000746,997.7,30.02,967.68,USD,Credit Card,Succeeded,2025-11-29 16:48:47.736850,CUST_0377
PAY_000747,48.1,2.32,45.78,USD,Bank Transfer,Succeeded,2025-11-14 16:48:47.736936,CUST_0104
PAY_000748,912.62,21.8,890.82,USD,Credit Card,Succeeded,2025-10-12 16:48:47.736971,CUST_0032
PAY_000749,60.7,3.02,57.69,USD,Digital Wallet,Succeeded,2025-09-23 16:48:47.737000,CUST_0926
PAY_000750,224.7,5.72,218.98,USD,Digital Wallet,Succeeded,2025-10-03 16:48:47.737033,CUST_0081
PAY_000751,303.39,8.63,294.76,USD,Credit Card,Succeeded,2025-10-25 16:48:47.737060,CUST_0023
PAY_000752,352.34,10.44,341.89,USD,Digital Wallet,Succeeded,2025-11-18 16:48:47.737087,CUST_0952
PAY_000753,316.99,13.93,303.06,USD,Bank Transfer,Succeeded,2025-12-04 16:48:47.737220,CUST_0790
PAY_000754,168.09,6.59,161.5,USD,Digital Wallet,Succeeded,2025-11-18 16:48:47.737272,CUST_0646
PAY_000755,601.94,16.98,584.96,USD,Credit Card,Succeeded,2025-09-12 16:48:47.737308,CUST_0826
PAY_000756,274.19,12.75,261.44,USD,Credit Card,Succeeded,2025-11-09 16:48:47.737342,CUST_0088
PAY_000757,845.85,29.46,816.4,USD,Bank Transfer,Succeeded,2025-10-11 16:48:47.737393,CUST_0902
PAY_000758,587.87,20.42,567.45,USD,Digital Wallet,Succeeded,2025-11-13 16:48:47.737423,CUST_0709
PAY_000759,728.99,19.82,709.16,USD,Credit Card,Succeeded,2025-10-29 16:48:47.737450,CUST_0666
PAY_000760,224.75,7.96,216.79,USD,Bank Transfer,Succeeded,2025-10-21 16:48:47.737476,CUST_0827
PAY_000761,51.02,1.24,49.78,USD,Digital Wallet,Succeeded,2025-10-31 16:48:47.737505,CUST_0491
PAY_000762,186.02,4.56,181.46,USD,Credit Card,Succeeded,2025-10-06 16:48:47.737537,CUST_0741
PAY_000763,355.48,15.15,340.34,USD,Debit Card,Succeeded,2025-11-12 16:48:47.737569,CUST_0995
PAY_000764,881.43,18.21,863.22,USD,Credit Card,Succeeded,2025-11-27 16:48:47.737595,CUST_0391
PAY_000765,612.2,15.66,596.54,USD,Digital Wallet,Succeeded,2025-09-17 16:48:47.737622,CUST_0331
PAY_000766,50.93,2.43,48.5,USD,Bank Transfer,Succeeded,2025-10-07 16:48:47.737649,CUST_0312
PAY_000767,771.54,25.03,746.51,USD,Digital Wallet,Succeeded,2025-09-25 16:48:47.737675,CUST_0653
PAY_000768,567.55,23.86,543.68,USD,Credit Card,Succeeded,2025-10-18 16:48:47.737701,CUST_0088
PAY_000769,685.42,24.54,660.88,USD,Debit Card,Succeeded,2025-12-06 16:48:47.737727,CUST_0683
PAY_000770,575.65,25.23,550.42,USD,Digital Wallet,Succeeded,2025-09-17 16:48:47.737752,CUST_0528
PAY_000771,920.06,42.92,877.14,USD,Bank Transfer,Succeeded,2025-11-12 16:48:47.737777,CUST_0061
PAY_000772,271.98,5.81,266.17,USD,Digital Wallet,Pending,2025-11-18 16:48:47.737803,CUST_0749
PAY_000773,411.8,16.45,395.34,USD,Digital Wallet,Succeeded,2025-10-26 16:48:47.737828,CUST_0825
PAY_000774,292.63,8.32,284.32,USD,Debit Card,Succeeded,2025-10-12 16:48:47.737853,CUST_0956
PAY_000775,114.56,5.7,108.86,USD,Credit Card,Succeeded,2025-09-19 16:48:47.737879,CUST_0928
PAY_000776,371.2,9.26,361.94,USD,Digital Wallet,Succeeded,2025-11-25 16:48:47.737906,CUST_0241
PAY_000777,858.48,39.14,819.33,USD,Digital Wallet,Succeeded,2025-09-16 16:48:47.737933,CUST_0920
PAY_000778,283.35,14.06,269.29,USD,Debit Card,Succeeded,2025-10-18 16:48:47.737960,CUST_0909
PAY_000779,942.55,26.64,915.91,USD,Digital Wallet,Succeeded,2025-09-18 16:48:47.737986,CUST_0606
PAY_000780,750.25,33.69,716.55,USD,Bank Transfer,Succeeded,2025-11-01 16:48:47.738011,CUST_0157
PAY_000781,271.92,9.41,262.51,USD,Digital Wallet,Pending,2025-11-23 16:48:47.738036,CUST_0527
PAY_000782,364.16,15.14,349.02,USD,Bank Transfer,Succeeded,2025-11-10 16:48:47.738061,CUST_0457
PAY_000783,380.75,9.2,371.55,USD,Digital Wallet,Succeeded,2025-09-12 16:48:47.738087,CUST_0940
PAY_000784,771.93,38.55,733.38,USD,Credit Card,Succeeded,2025-11-13 16:48:47.738112,CUST_0846
PAY_000785,386.44,15.43,371.0,USD,Debit Card,Succeeded,2025-10-15 16:48:47.738137,CUST_0569
PAY_000786,256.5,11.36,245.14,USD,Bank Transfer,Succeeded,2025-10-11 16:48:47.738162,CUST_0409
PAY_000787,463.72,19.31,444.41,USD,Digital Wallet,Succeeded,2025-10-14 16:48:47.738187,CUST_0219
PAY_000788,175.28,6.65,168.63,USD,Bank Transfer,Succeeded,2025-09-27 16:48:47.738212,CUST_0007
PAY_000789,810.34,35.7,774.64,USD,Bank Transfer,Succeeded,2025-10-13 16:48:47.738238,CUST_0341
PAY_000790,188.18,4.47,183.72,USD,Digital Wallet,Succeeded,2025-11-03 16:48:47.738263,CUST_0622
PAY_000791,988.66,20.28,968.38,USD,Bank Transfer,Succeeded,2025-09-26 16:48:47.738289,CUST_0176
PAY_000792,57.15,1.68,55.47,USD,Bank Transfer,Succeeded,2025-10-25 16:48:47.738315,CUST_0832
PAY_000793,830.25,30.69,799.56,USD,Debit Card,Succeeded,2025-09-13 16:48:47.738340,CUST_0074
PAY_000794,90.27,3.3,86.97,USD,Debit Card,Succeeded,2025-09-25 16:48:47.738365,CUST_0022
PAY_000795,231.3,10.01,221.28,USD,Bank Transfer,Succeeded,2025-11-16 16:48:47.738389,CUST_0515
PAY_000796,438.2,19.12,419.09,USD,Digital Wallet,Succeeded,2025-09-30 16:48:47.738414,CUST_0883
PAY_000797,22.74,0.72,22.02,USD,Digital Wallet,Succeeded,2025-09-24 16:48:47.738439,CUST_0667
PAY_000798,232.27,6.73,225.54,USD,Credit Card,Succeeded,2025-09-21 16:48:47.738464,CUST_0568
PAY_000799,498.98,15.2,483.78,USD,Bank Transfer,Succeeded,2025-09-19 16:48:47.738489,CUST_0224
PAY_000800,257.51,9.67,247.84,USD,Bank Transfer,Succeeded,2025-12-08 16:48:47.738514,CUST_0120
PAY_000801,999.03,43.84,955.2,USD,Bank Transfer,Succeeded,2025-12-04 16:48:47.738538,CUST_0940
PAY_000802,680.82,19.35,661.47,USD,Bank Transfer,Succeeded,2025-10-27 16:48:47.738562,CUST_0912
PAY_000803,128.22,5.28,122.94,USD,Bank Transfer,Succeeded,2025-12-02 16:48:47.738587,CUST_0836
PAY_000804,486.61,24.02,462.58,USD,Credit Card,Succeeded,2025-11-19 16:48:47.738611,CUST_0354
PAY_000805,945.42,44.93,900.49,USD,Debit Card,Succeeded,2025-11-18 16:48:47.738635,CUST_0011
PAY_000806,965.26,20.49,944.77,USD,Bank Transfer,Failed,2025-09-16 16:48:47.738659,CUST_0921
PAY_000807,623.26,25.45,597.81,USD,Credit Card,Succeeded,2025-09-14 16:48:47.738684,CUST_0939
PAY_000808,421.34,9.72,411.62,USD,Debit Card,Succeeded,2025-10-13 16:48:47.738708,CUST_0403
PAY_000809,280.43,11.82,268.61,USD,Digital Wallet,Succeeded,2025-10-07 16:48:47.738732,CUST_0562
PAY_000810,231.81,5.77,226.04,USD,Credit Card,Succeeded,2025-10-15 16:48:47.738757,CUST_0856
PAY_000811,336.87,13.36,323.51,USD,Digital Wallet,Succeeded,2025-09-22 16:48:47.738781,CUST_0919
PAY_000812,207.16,7.89,199.27,USD,Bank Transfer,Succeeded,2025-11-21 16:48:47.738806,CUST_0694
PAY_000813,958.93,31.74,927.19,USD,Debit Card,Succeeded,2025-11-16 16:48:47.738847,CUST_0026
PAY_000814,600.27,17.96,582.31,USD,Credit Card,Failed,2025-10-02 16:48:47.738875,CUST_0580
PAY_000815,771.09,38.21,732.88,USD,Debit Card,Succeeded,2025-11-29 16:48:47.738900,CUST_0096
PAY_000816,880.35,33.92,846.42,USD,Bank Transfer,Succeeded,2025-10-13 16:48:47.738925,CUST_0504
PAY_000817,898.57,31.26,867.31,USD,Bank Transfer,Succeeded,2025-12-04 16:48:47.738950,CUST_0716
PAY_000818,563.26,15.0,548.26,USD,Bank Transfer,Succeeded,2025-10-06 16:48:47.738976,CUST_0169
PAY_000819,282.67,11.84,270.84,USD,Bank Transfer,Succeeded,2025-11-17 16:48:47.739002,CUST_0115
PAY_000820,229.84,9.19,220.65,USD,Credit Card,Succeeded,2025-10-28 16:48:47.739028,CUST_0445
PAY_000821,794.38,25.55,768.84,USD,Digital Wallet,Succeeded,2025-09-30 16:48:47.739053,CUST_0953
PAY_000822,466.07,23.14,442.93,USD,Credit Card,Succeeded,2025-09-29 16:48:47.739077,CUST_0807
PAY_000823,572.26,17.99,554.27,USD,Digital Wallet,Pending,2025-09-14 16:48:47.739102,CUST_0610
PAY_000824,602.01,19.24,582.78,USD,Bank Transfer,Succeeded,2025-10-15 16:48:47.739126,CUST_0612
PAY_000825,334.68,14.5,320.18,USD,Bank Transfer,Succeeded,2025-12-09 16:48:47.739151,CUST_0440
PAY_000826,725.52,35.81,689.71,USD,Credit Card,Succeeded,2025-10-16 16:48:47.739176,CUST_0097
PAY_000827,137.86,5.36,132.5,USD,Digital Wallet,Succeeded,2025-10-29 16:48:47.739201,CUST_0721
PAY_000828,606.43,20.25,586.18,USD,Debit Card,Succeeded,2025-11-15 16:48:47.739225,CUST_0956
PAY_000829,739.16,22.66,716.49,USD,Credit Card,Succeeded,2025-09-26 16:48:47.739249,CUST_0736
PAY_000830,608.68,16.87,591.81,USD,Credit Card,Succeeded,2025-09-14 16:48:47.739274,CUST_0177
PAY_000831,616.11,26.1,590.01,USD,Digital Wallet,Succeeded,2025-09-15 16:48:47.739299,CUST_0262
PAY_000832,711.22,22.33,688.89,USD,Debit Card,Succeeded,2025-11-05 16:48:47.739323,CUST_0329
PAY_000833,16.95,0.74,16.21,USD,Bank Transfer,Succeeded,2025-11-07 16:48:47.739347,CUST_0479
PAY_000834,754.13,16.88,737.25,USD,Digital Wallet,Succeeded,2025-11-17 16:48:47.739371,CUST_0729
PAY_000835,310.71,11.69,299.03,USD,Bank Transfer,Succeeded,2025-09-22 16:48:47.739396,CUST_0112
PAY_000836,433.96,19.28,414.68,USD,Debit Card,Succeeded,2025-11-05 16:48:47.739420,CUST_0360
PAY_000837,109.25,4.35,104.9,USD,Credit Card,Succeeded,2025-11-04 16:48:47.739444,CUST_0215
PAY_000838,129.68,3.41,126.27,USD,Bank Transfer,Succeeded,2025-11-11 16:48:47.739468,CUST_0551
PAY_000839,222.47,10.9,211.57,USD,Credit Card,Succeeded,2025-10-14 16:48:47.739493,CUST_0805
PAY_000840,154.63,6.26,148.37,USD,Digital Wallet,Succeeded,2025-10-25 16:48:47.739517,CUST_0702
PAY_000841,171.01,7.88,163.13,USD,Bank Transfer,Succeeded,2025-10-05 16:48:47.739542,CUST_0704
PAY_000842,138.56,6.89,131.67,USD,Debit Card,Succeeded,2025-10-20 16:48:47.739567,CUST_0573
PAY_000843,106.06,3.12,102.94,USD,Digital Wallet,Succeeded,2025-10-27 16:48:47.739592,CUST_0620
PAY_000844,723.62,15.34,708.29,USD,Debit Card,Succeeded,2025-10-15 16:48:47.739616,CUST_0647
PAY_000845,696.59,33.5,663.09,USD,Digital Wallet,Pending,2025-09-17 16:48:47.739641,CUST_0933
PAY_000846,385.46,17.81,367.66,USD,Debit Card,Succeeded,2025-11-21 16:48:47.739665,CUST_0295
PAY_000847,980.65,46.56,934.09,USD,Bank Transfer,Succeeded,2025-12-07 16:48:47.739689,CUST_0368
PAY_000848,772.79,36.74,736.05,USD,Debit Card,Succeeded,2025-11-15 16:48:47.739713,CUST_0339
PAY_000849,973.02,40.03,933.0,USD,Digital Wallet,Succeeded,2025-10-20 16:48:47.739738,CUST_0927
PAY_000850,434.51,14.44,420.08,USD,Digital Wallet,Succeeded,2025-12-09 16:48:47.739763,CUST_0193
PAY_000851,780.88,32.07,748.81,USD,Debit Card,Succeeded,2025-12-01 16:48:47.739787,CUST_0689
PAY_000852,471.27,15.69,455.58,USD,Debit Card,Succeeded,2025-10-24 16:48:47.739812,CUST_0640
PAY_000853,796.09,36.37,759.72,USD,Bank Transfer,Succeeded,2025-10-27 16:48:47.739836,CUST_0315
PAY_000854,899.03,37.17,861.86,USD,Credit Card,Succeeded,2025-11-28 16:48:47.739860,CUST_0198
PAY_000855,415.52,9.16,406.36,USD,Credit Card,Succeeded,2025-10-31 16:48:47.739884,CUST_0861
PAY_000856,69.52,2.34,67.18,USD,Credit Card,Succeeded,2025-11-14 16:48:47.739909,CUST_0622
PAY_000857,311.09,14.67,296.43,USD,Debit Card,Succeeded,2025-10-24 16:48:47.739933,CUST_0215
PAY_000858,553.45,13.26,540.18,USD,Credit Card,Succeeded,2025-11-23 16:48:47.739957,CUST_0752
PAY_000859,978.52,20.19,958.33,USD,Digital Wallet,Pending,2025-09-25 16:48:47.739982,CUST_0506
PAY_000860,708.4,31.26,677.14,USD,Digital Wallet,Succeeded,2025-10-20 16:48:47.740006,CUST_0095
PAY_000861,421.88,11.36,410.52,USD,Debit Card,Succeeded,2025-10-02 16:48:47.740030,CUST_0551
PAY_000862,102.53,3.39,99.15,USD,Credit Card,Succeeded,2025-11-16 16:48:47.740057,CUST_0074
PAY_000863,185.4,9.26,176.14,USD,Credit Card,Succeeded,2025-10-05 16:48:47.740082,CUST_0920
PAY_000864,359.93,7.22,352.7,USD,Debit Card,Succeeded,2025-09-14 16:48:47.740108,CUST_0845
PAY_000865,655.72,13.47,642.24,USD,Credit Card,Succeeded,2025-10-19 16:48:47.740134,CUST_0034
PAY_000866,746.26,17.76,728.5,USD,Credit Card,Succeeded,2025-09-21 16:48:47.740158,CUST_0614
PAY_000867,137.07,4.81,132.25,USD,Bank Transfer,Succeeded,2025-10-30 16:48:47.740183,CUST_0863
PAY_000868,196.73,6.18,190.55,USD,Debit Card,Succeeded,2025-11-19 16:48:47.740207,CUST_0204
PAY_000869,900.37,26.42,873.95,USD,Digital Wallet,Succeeded,2025-11-25 16:48:47.740231,CUST_0622
PAY_000870,292.28,14.44,277.85,USD,Bank Transfer,Succeeded,2025-09-29 16:48:47.740256,CUST_0867
PAY_000871,591.9,19.72,572.19,USD,Debit Card,Succeeded,2025-11-05 16:48:47.740280,CUST_0259
PAY_000872,663.67,22.94,640.73,USD,Digital Wallet,Succeeded,2025-09-29 16:48:47.740305,CUST_0702
PAY_000873,245.57,5.7,239.87,USD,Digital Wallet,Succeeded,2025-11-24 16:48:47.740329,CUST_0375
PAY_000874,687.44,16.99,670.45,USD,Bank Transfer,Succeeded,2025-09-28 16:48:47.740354,CUST_0336
PAY_000875,318.97,15.85,303.12,USD,Bank Transfer,Succeeded,2025-10-09 16:48:47.740378,CUST_0450
PAY_000876,526.39,16.27,510.12,USD,Debit Card,Succeeded,2025-11-25 16:48:47.740403,CUST_0178
PAY_000877,335.67,11.23,324.44,USD,Digital Wallet,Succeeded,2025-11-13 16:48:47.740427,CUST_0259
PAY_000878,89.31,3.8,85.51,USD,Digital Wallet,Succeeded,2025-11-30 16:48:47.740451,CUST_0669
PAY_000879,615.51,13.17,602.34,USD,Bank Transfer,Succeeded,2025-10-30 16:48:47.740476,CUST_0287
PAY_000880,924.9,31.06,893.84,USD,Digital Wallet,Succeeded,2025-11-26 16:48:47.740500,CUST_0539
PAY_000881,113.72,5.36,108.36,USD,Debit Card,Succeeded,2025-09-16 16:48:47.740525,CUST_0898
PAY_000882,269.21,12.95,256.26,USD,Bank Transfer,Succeeded,2025-10-04 16:48:47.740550,CUST_0158
PAY_000883,155.26,5.63,149.64,USD,Credit Card,Succeeded,2025-11-10 16:48:47.740575,CUST_0794
PAY_000884,577.83,27.53,550.29,USD,Bank Transfer,Succeeded,2025-10-21 16:48:47.740599,CUST_0202
PAY_000885,16.21,0.57,15.64,USD,Bank Transfer,Succeeded,2025-09-26 16:48:47.740624,CUST_0128
PAY_000886,686.62,18.7,667.92,USD,Digital Wallet,Succeeded,2025-09-30 16:48:47.740649,CUST_0205
PAY_000887,447.52,19.14,428.38,USD,Digital Wallet,Succeeded,2025-10-10 16:48:47.740673,CUST_0625
PAY_000888,750.94,24.29,726.65,USD,Bank Transfer,Succeeded,2025-10-30 16:48:47.740698,CUST_0735
PAY_000889,263.49,8.73,254.77,USD,Digital Wallet,Succeeded,2025-11-26 16:48:47.740722,CUST_0860
PAY_000890,315.02,11.57,303.44,USD,Digital Wallet,Succeeded,2025-09-30 16:48:47.740747,CUST_0564
PAY_000891,436.32,15.56,420.76,USD,Debit Card,Succeeded,2025-12-09 16:48:47.740772,CUST_0552
PAY_000892,715.35,31.63,683.72,USD,Bank Transfer,Failed,2025-10-20 16:48:47.740796,CUST_0047
PAY_000893,20.77,0.56,20.22,USD,Credit Card,Succeeded,2025-10-20 16:48:47.740828,CUST_0221
PAY_000894,785.22,22.35,762.87,USD,Bank Transfer,Succeeded,2025-10-31 16:48:47.740858,CUST_0361
PAY_000895,343.17,14.61,328.56,USD,Bank Transfer,Succeeded,2025-10-11 16:48:47.740884,CUST_0440
PAY_000896,397.28,13.57,383.71,USD,Debit Card,Succeeded,2025-10-12 16:48:47.740909,CUST_0207
PAY_000897,92.53,2.83,89.7,USD,Digital Wallet,Succeeded,2025-10-02 16:48:47.740934,CUST_0558
PAY_000898,721.73,27.57,694.16,USD,Digital Wallet,Succeeded,2025-11-13 16:48:47.740959,CUST_0890
PAY_000899,942.62,31.11,911.51,USD,Bank Transfer,Succeeded,2025-12-04 16:48:47.740983,CUST_0969
PAY_000900,585.97,16.38,569.58,USD,Debit Card,Succeeded,2025-11-17 16:48:47.741008,CUST_0856
PAY_000901,381.38,18.21,363.17,USD,Bank Transfer,Succeeded,2025-09-27 16:48:47.741032,CUST_0119
PAY_000902,207.7,9.64,198.06,USD,Debit Card,Succeeded,2025-10-31 16:48:47.741059,CUST_0624
PAY_000903,33.29,1.28,32.01,USD,Debit Card,Succeeded,2025-11-22 16:48:47.741085,CUST_0236
PAY_000904,623.01,15.64,607.37,USD,Credit Card,Succeeded,2025-09-11 16:48:47.741110,CUST_0324
PAY_000905,73.41,1.93,71.48,USD,Debit Card,Succeeded,2025-09-14 16:48:47.741136,CUST_0704
PAY_000906,997.14,47.11,950.03,USD,Debit Card,Succeeded,2025-10-12 16:48:47.741162,CUST_0046
PAY_000907,123.22,4.85,118.37,USD,Debit Card,Succeeded,2025-10-17 16:48:47.741187,CUST_0795
PAY_000908,614.83,16.95,597.88,USD,Digital Wallet,Succeeded,2025-11-06 16:48:47.741218,CUST_0326
PAY_000909,681.28,28.47,652.81,USD,Debit Card,Succeeded,2025-11-04 16:48:47.741245,CUST_0426
PAY_000910,56.87,1.92,54.95,USD,Digital Wallet,Succeeded,2025-11-07 16:48:47.741270,CUST_0028
PAY_000911,208.41,10.15,198.25,USD,Credit Card,Succeeded,2025-10-06 16:48:47.741295,CUST_0093
PAY_000912,690.69,14.12,676.57,USD,Bank Transfer,Succeeded,2025-10-06 16:48:47.741321,CUST_0939
PAY_000913,911.43,39.23,872.2,USD,Digital Wallet,Succeeded,2025-11-24 16:48:47.741347,CUST_0906
PAY_000914,177.69,5.94,171.75,USD,Debit Card,Succeeded,2025-10-03 16:48:47.741402,CUST_0778
PAY_000915,756.62,32.77,723.85,USD,Digital Wallet,Succeeded,2025-10-17 16:48:47.741427,CUST_0216
PAY_000916,874.43,39.37,835.07,USD,Credit Card,Succeeded,2025-11-21 16:48:47.741453,CUST_0608
PAY_000917,537.4,17.02,520.38,USD,Credit Card,Succeeded,2025-09-13 16:48:47.741479,CUST_0359
PAY_000918,242.12,10.95,231.18,USD,Credit Card,Succeeded,2025-09-27 16:48:47.741503,CUST_0923
PAY_000919,537.94,13.98,523.95,USD,Credit Card,Succeeded,2025-11-23 16:48:47.741528,CUST_0690
PAY_000920,537.97,20.51,517.46,USD,Bank Transfer,Succeeded,2025-10-24 16:48:47.741664,CUST_0322
PAY_000921,688.77,32.58,656.19,USD,Bank Transfer,Succeeded,2025-10-29 16:48:47.741704,CUST_0373
PAY_000922,271.47,12.12,259.36,USD,Digital Wallet,Succeeded,2025-10-04 16:48:47.741732,CUST_0466
PAY_000923,372.16,12.58,359.58,USD,Bank Transfer,Succeeded,2025-11-23 16:48:47.741759,CUST_0137
PAY_000924,332.14,15.43,316.72,USD,Debit Card,Succeeded,2025-12-01 16:48:47.741784,CUST_0191
PAY_000925,504.07,22.58,481.5,USD,Debit Card,Succeeded,2025-11-06 16:48:47.741809,CUST_0364
PAY_000926,260.46,7.64,252.82,USD,Digital Wallet,Succeeded,2025-10-15 16:48:47.741834,CUST_0939
PAY_000927,212.41,9.54,202.87,USD,Debit Card,Succeeded,2025-12-08 16:48:47.741961,CUST_0747
PAY_000928,628.65,29.34,599.31,USD,Debit Card,Succeeded,2025-11-18 16:48:47.742018,CUST_0976
PAY_000929,71.71,1.75,69.96,USD,Credit Card,Succeeded,2025-11-07 16:48:47.742057,CUST_0758
PAY_000930,527.98,26.34,501.64,USD,Credit Card,Succeeded,2025-10-13 16:48:47.742087,CUST_0677
PAY_000931,802.56,29.55,773.02,USD,Digital Wallet,Succeeded,2025-11-17 16:48:47.742116,CUST_0909
PAY_000932,121.7,3.22,118.48,USD,Debit Card,Succeeded,2025-11-29 16:48:47.742144,CUST_0059
PAY_000933,75.72,3.07,72.65,USD,Debit Card,Succeeded,2025-11-27 16:48:47.742168,CUST_0405
PAY_000934,487.85,22.78,465.07,USD,Debit Card,Succeeded,2025-10-03 16:48:47.742192,CUST_0530
PAY_000935,207.21,9.84,197.37,USD,Digital Wallet,Pending,2025-10-09 16:48:47.742215,CUST_0195
PAY_000936,297.85,11.68,286.18,USD,Digital Wallet,Succeeded,2025-09-24 16:48:47.742239,CUST_0376
PAY_000937,682.63,23.48,659.15,USD,Digital Wallet,Succeeded,2025-12-07 16:48:47.742262,CUST_0955
PAY_000938,927.23,19.68,907.55,USD,Credit Card,Succeeded,2025-11-27 16:48:47.742285,CUST_0529
PAY_000939,841.61,41.44,800.17,USD,Bank Transfer,Succeeded,2025-11-10 16:48:47.742309,CUST_0485
PAY_000940,117.91,4.0,113.91,USD,Digital Wallet,Succeeded,2025-11-05 16:48:47.742333,CUST_0545
PAY_000941,938.25,38.9,899.35,USD,Credit Card,Succeeded,2025-11-14 16:48:47.742356,CUST_0962
PAY_000942,31.96,1.2,30.76,USD,Credit Card,Succeeded,2025-11-19 16:48:47.742379,CUST_0247
PAY_000943,174.82,7.54,167.28,USD,Debit Card,Succeeded,2025-11-20 16:48:47.742402,CUST_0840
PAY_000944,700.65,27.26,673.39,USD,Bank Transfer,Succeeded,2025-09-15 16:48:47.742425,CUST_0432
PAY_000945,822.25,41.04,781.21,USD,Digital Wallet,Succeeded,2025-09-29 16:48:47.742448,CUST_0279
PAY_000946,527.28,23.77,503.51,USD,Bank Transfer,Succeeded,2025-10-04 16:48:47.742472,CUST_0863
PAY_000947,130.84,4.59,126.25,USD,Credit Card,Succeeded,2025-12-09 16:48:47.742496,CUST_0061
PAY_000948,290.74,11.74,279.0,USD,Credit Card,Succeeded,2025-11-07 16:48:47.742520,CUST_0293
PAY_000949,642.63,26.04,616.59,USD,Bank Transfer,Succeeded,2025-11-02 16:48:47.742544,CUST_0449
PAY_000950,591.88,12.35,579.54,USD,Debit Card,Succeeded,2025-11-07 16:48:47.742567,CUST_0679
PAY_000951,315.37,13.73,301.65,USD,Credit Card,Succeeded,2025-11-13 16:48:47.742591,CUST_0445
PAY_000952,901.65,32.53,869.12,USD,Debit Card,Succeeded,2025-11-07 16:48:47.742614,CUST_0679
PAY_000953,469.14,22.09,447.05,USD,Digital Wallet,Succeeded,2025-10-07 16:48:47.742637,CUST_0369
PAY_000954,248.54,12.01,236.54,USD,Credit Card,Succeeded,2025-11-02 16:48:47.742660,CUST_0797
PAY_000955,809.02,19.16,789.86,USD,Debit Card,Succeeded,2025-09-27 16:48:47.742685,CUST_0440
PAY_000956,263.83,7.87,255.96,USD,Credit Card,Succeeded,2025-09-30 16:48:47.742709,CUST_0684
PAY_000957,773.11,37.01,736.09,USD,Debit Card,Succeeded,2025-12-08 16:48:47.742734,CUST_0974
PAY_000958,354.97,8.16,346.81,USD,Credit Card,Succeeded,2025-10-12 16:48:47.742758,CUST_0066
PAY_000959,199.7,7.67,192.03,USD,Digital Wallet,Succeeded,2025-10-20 16:48:47.742783,CUST_0496
PAY_000960,178.58,7.75,170.84,USD,Digital Wallet,Succeeded,2025-11-20 16:48:47.742807,CUST_0201
PAY_000961,814.65,30.71,783.95,USD,Debit Card,Succeeded,2025-11-11 16:48:47.742831,CUST_0908
PAY_000962,267.67,10.56,257.12,USD,Bank Transfer,Succeeded,2025-09-25 16:48:47.742855,CUST_0686
PAY_000963,891.63,25.66,865.97,USD,Bank Transfer,Succeeded,2025-09-20 16:48:47.742879,CUST_0104
PAY_000964,740.39,17.55,722.83,USD,Credit Card,Succeeded,2025-11-20 16:48:47.742903,CUST_0118
PAY_000965,76.73,2.76,73.97,USD,Digital Wallet,Succeeded,2025-12-04 16:48:47.742929,CUST_0865
PAY_000966,284.08,7.36,276.72,USD,Credit Card,Succeeded,2025-10-28 16:48:47.742955,CUST_0199
PAY_000967,649.56,16.57,632.99,USD,Bank Transfer,Succeeded,2025-11-05 16:48:47.742991,CUST_0048
PAY_000968,607.83,25.65,582.18,USD,Debit Card,Succeeded,2025-09-15 16:48:47.743042,CUST_0899
PAY_000969,313.95,11.87,302.08,USD,Digital Wallet,Succeeded,2025-11-19 16:48:47.743079,CUST_0604
PAY_000970,140.89,6.63,134.26,USD,Digital Wallet,Succeeded,2025-09-13 16:48:47.743105,CUST_0850
PAY_000971,344.24,8.17,336.06,USD,Debit Card,Succeeded,2025-09-30 16:48:47.743258,CUST_0802
PAY_000972,225.01,7.23,217.78,USD,Credit Card,Succeeded,2025-10-09 16:48:47.743305,CUST_0951
PAY_000973,175.82,6.12,169.7,USD,Debit Card,Succeeded,2025-12-04 16:48:47.743594,CUST_0103
PAY_000974,338.66,12.32,326.35,USD,Credit Card,Succeeded,2025-09-24 16:48:47.743734,CUST_0036
PAY_000975,135.18,3.6,131.59,USD,Debit Card,Succeeded,2025-10-14 16:48:47.743812,CUST_0153
PAY_000976,582.56,14.31,568.25,USD,Bank Transfer,Succeeded,2025-11-16 16:48:47.743848,CUST_0981
PAY_000977,178.6,4.4,174.2,USD,Bank Transfer,Succeeded,2025-10-15 16:48:47.743880,CUST_0980
PAY_000978,733.35,16.4,716.96,USD,Credit Card,Succeeded,2025-09-28 16:48:47.743909,CUST_0022
PAY_000979,750.6,17.01,733.59,USD,Debit Card,Succeeded,2025-09-20 16:48:47.743937,CUST_0996
PAY_000980,881.82,30.81,851.01,USD,Debit Card,Succeeded,2025-09-14 16:48:47.743969,CUST_0443
PAY_000981,970.59,24.49,946.09,USD,Debit Card,Succeeded,2025-09-29 16:48:47.743997,CUST_0020
PAY_000982,419.04,14.49,404.55,USD,Bank Transfer,Succeeded,2025-12-09 16:48:47.744025,CUST_0577
PAY_000983,257.34,10.72,246.62,USD,Digital Wallet,Succeeded,2025-09-13 16:48:47.744055,CUST_0533
PAY_000984,639.01,14.15,624.85,USD,Digital Wallet,Succeeded,2025-10-24 16:48:47.744083,CUST_0846
PAY_000985,85.11,3.42,81.69,USD,Bank Transfer,Succeeded,2025-10-01 16:48:47.744111,CUST_0241
PAY_000986,105.83,4.92,100.91,USD,Bank Transfer,Succeeded,2025-10-20 16:48:47.744140,CUST_0275
PAY_000987,956.98,40.81,916.17,USD,Debit Card,Failed,2025-09-18 16:48:47.744168,CUST_0247
PAY_000988,180.91,5.76,175.16,USD,Credit Card,Succeeded,2025-11-11 16:48:47.744196,CUST_0596
PAY_000989,116.03,3.14,112.89,USD,Debit Card,Succeeded,2025-10-27 16:48:47.744225,CUST_0856
PAY_000990,570.97,17.23,553.74,USD,Bank Transfer,Succeeded,2025-12-09 16:48:47.744278,CUST_0625
PAY_000991,776.64,27.55,749.09,USD,Credit Card,Failed,2025-09-24 16:48:47.744305,CUST_0295
PAY_000992,965.56,40.78,924.79,USD,Credit Card,Succeeded,2025-11-19 16:48:47.744332,CUST_0797
PAY_000993,84.55,3.05,81.49,USD,Digital Wallet,Succeeded,2025-10-29 16:48:47.744360,CUST_0205
PAY_000994,588.42,27.14,561.28,USD,Debit Card,Succeeded,2025-11-18 16:48:47.744388,CUST_0597
PAY_000995,797.03,16.92,780.12,USD,Bank Transfer,Succeeded,2025-10-18 16:48:47.744416,CUST_0279
PAY_000996,450.15,18.55,431.6,USD,Debit Card,Succeeded,2025-11-17 16:48:47.744447,CUST_0833
PAY_000997,692.0,20.49,671.51,USD,Digital Wallet,Succeeded,2025-09-26 16:48:47.744476,CUST_0795
PAY_000998,232.01,9.07,222.94,USD,Bank Transfer,Succeeded,2025-10-21 16:48:47.744505,CUST_0469
PAY_000999,586.26,17.7,568.56,USD,Bank Transfer,Succeeded,2025-11-01 16:48:47.744532,CUST_0159
PAY_001000,647.53,23.06,624.47,USD,Digital Wallet,Succeeded,2025-10-18 16:48:47.744563,CUST_0780
