customer_id,recency,frequency,monetary,r_score,f_score,m_score,rfm_score,rfm_score_numeric,cluster
CUST_0001,166,2,7071.129999999999,4,1,4,414,9,1
CUST_0002,132,4,2249.71,5,2,2,522,9,0
CUST_0003,109,2,805.39,5,1,1,511,7,0
CUST_0004,154,3,6298.110000000001,4,2,4,424,10,0
CUST_0005,97,7,3012.05,5,4,3,543,12,0
CUST_0006,276,3,6338.24,1,2,4,124,7,1
CUST_0007,220,5,11540.54,2,3,5,235,10,2
CUST_0008,88,5,11020.1,5,3,5,535,13,0
CUST_0009,161,6,4282.860000000001,4,3,3,433,10,0
CUST_0010,272,6,4600.81,1,3,3,133,7,2
CUST_0011,218,5,2764.0,2,3,2,232,7,1
CUST_0012,183,4,8387.24,3,2,5,325,10,1
CUST_0013,232,5,4352.8099999999995,2,3,3,233,8,1
CUST_0014,227,4,7792.9,2,2,5,225,9,1
CUST_0015,119,4,8003.41,5,2,5,525,12,0
CUST_0016,205,5,3606.71,3,3,3,333,9,1
CUST_0017,230,6,4233.78,2,3,3,233,8,2
CUST_0018,189,5,6386.49,3,3,4,334,10,2
CUST_0019,204,4,2646.55,3,2,2,322,7,1
CUST_0020,160,4,2889.62,4,2,2,422,8,0
CUST_0021,283,2,2380.01,1,1,2,112,4,1
CUST_0022,163,6,1358.1,4,3,1,431,8,0
CUST_0023,200,3,569.25,3,2,1,321,6,1
CUST_0024,262,3,18101.16,1,2,5,125,8,2
CUST_0025,213,7,4490.39,3,4,3,343,10,2
CUST_0026,200,3,5931.87,3,2,4,324,9,1
CUST_0027,103,5,5011.67,5,3,4,534,12,0
CUST_0028,136,5,3588.1,5,3,3,533,11,0
CUST_0029,166,4,4897.07,4,2,4,424,10,0
CUST_0030,241,3,7328.15,2,2,4,224,8,1
CUST_0031,231,3,1690.42,2,2,1,221,5,1
CUST_0032,233,5,10009.79,2,3,5,235,10,2
CUST_0033,187,7,5572.83,3,4,4,344,11,2
CUST_0034,52,7,9362.14,5,4,5,545,14,0
CUST_0035,120,2,7238.76,5,1,4,514,10,0
CUST_0036,129,3,3337.6099999999997,5,2,3,523,10,0
CUST_0037,183,7,3361.55,3,4,3,343,10,2
CUST_0038,284,5,1386.57,1,3,1,131,5,1
CUST_0039,213,5,1589.81,3,3,1,331,7,1
CUST_0040,263,2,2963.89,1,1,2,112,4,1
CUST_0041,128,3,2502.15,5,2,2,522,9,0
CUST_0042,142,5,3573.5,4,3,3,433,10,0
CUST_0043,232,6,2414.92,2,3,2,232,7,2
CUST_0044,62,4,1953.1399999999999,5,2,2,522,9,0
CUST_0045,233,3,2144.94,2,2,2,222,6,1
CUST_0046,223,5,2325.4,2,3,2,232,7,1
CUST_0047,276,2,456.53999999999996,1,1,1,111,3,1
CUST_0048,247,4,4099.0,1,2,3,123,6,1
CUST_0049,205,2,1791.2800000000002,3,1,2,312,6,1
CUST_0050,170,5,16657.68,4,3,5,435,12,2
CUST_0051,278,5,2301.27,1,3,2,132,6,1
CUST_0052,262,6,3991.07,1,3,3,133,7,2
CUST_0053,161,3,13715.630000000001,4,2,5,425,11,0
CUST_0054,105,4,22124.14,5,2,5,525,12,2
CUST_0055,226,2,1098.15,2,1,1,211,4,1
CUST_0056,282,3,1353.33,1,2,1,121,4,1
CUST_0057,230,1,650.3,2,1,1,211,4,1
CUST_0058,137,3,2956.37,5,2,2,522,9,0
CUST_0059,214,2,1609.39,2,1,1,211,4,1
CUST_0060,64,6,5680.2300000000005,5,3,4,534,12,0
CUST_0061,108,4,3981.83,5,2,3,523,10,0
CUST_0062,198,1,277.79,3,1,1,311,5,1
CUST_0063,126,4,1162.62,5,2,1,521,8,0
CUST_0064,198,2,1773.58,3,1,2,312,6,1
CUST_0065,271,4,5061.9,1,2,4,124,7,1
CUST_0066,270,4,12242.05,1,2,5,125,8,2
CUST_0067,159,4,2137.0899999999997,4,2,2,422,8,0
CUST_0068,90,5,1466.1599999999999,5,3,1,531,9,0
CUST_0069,136,4,4099.23,5,2,3,523,10,0
CUST_0070,206,3,8154.110000000001,3,2,5,325,10,1
CUST_0071,183,2,1224.54,3,1,1,311,5,1
CUST_0072,182,3,2304.2,3,2,2,322,7,1
CUST_0073,169,2,6214.77,4,1,4,414,9,1
CUST_0074,129,2,3856.1000000000004,5,1,3,513,9,0
CUST_0075,254,7,4574.81,1,4,3,143,8,2
CUST_0076,210,3,6573.61,3,2,4,324,9,1
CUST_0077,184,3,4000.71,3,2,3,323,8,1
CUST_0078,221,5,2525.38,2,3,2,232,7,1
CUST_0079,148,6,3933.63,4,3,3,433,10,0
CUST_0080,113,5,10314.259999999998,5,3,5,535,13,0
CUST_0081,133,5,7068.9400000000005,5,3,4,534,12,0
CUST_0082,245,2,5047.889999999999,1,1,4,114,6,1
CUST_0083,274,3,19484.36,1,2,5,125,8,2
CUST_0084,203,2,393.42,3,1,1,311,5,1
CUST_0085,121,1,709.06,5,1,1,511,7,0
CUST_0086,113,5,6899.9,5,3,4,534,12,0
CUST_0087,241,5,4193.049999999999,2,3,3,233,8,1
CUST_0088,132,7,7447.5199999999995,5,4,4,544,13,2
CUST_0089,165,4,2064.6,4,2,2,422,8,0
CUST_0090,92,1,343.81,5,1,1,511,7,0
CUST_0091,202,3,966.87,3,2,1,321,6,1
CUST_0092,211,4,2354.33,3,2,2,322,7,1
CUST_0093,225,6,4119.07,2,3,3,233,8,2
CUST_0094,225,3,4901.36,2,2,4,224,8,1
CUST_0095,230,2,1424.24,2,1,1,211,4,1
CUST_0096,134,5,7120.33,5,3,4,534,12,0
CUST_0097,166,5,1568.8600000000001,4,3,1,431,8,0
CUST_0098,170,5,4120.43,4,3,3,433,10,0
CUST_0099,253,2,2731.2,1,1,2,112,4,1
CUST_0100,242,3,2900.1400000000003,2,2,2,222,6,1
CUST_0101,79,2,1695.94,5,1,1,511,7,0
CUST_0102,167,2,2607.66,4,1,2,412,7,1
CUST_0103,231,1,725.65,2,1,1,211,4,1
CUST_0104,257,3,3427.51,1,2,3,123,6,1
CUST_0105,244,2,2513.13,1,1,2,112,4,1
CUST_0106,262,3,3549.2,1,2,3,123,6,1
CUST_0107,172,7,13511.59,4,4,5,445,13,2
CUST_0108,266,2,4426.22,1,1,3,113,5,1
CUST_0109,1,4,29627.36,5,2,5,525,12,0
CUST_0110,224,3,750.47,2,2,1,221,5,1
CUST_0111,229,3,727.23,2,2,1,221,5,1
CUST_0112,109,6,9311.55,5,3,5,535,13,0
CUST_0113,139,5,2923.3,5,3,2,532,10,0
CUST_0114,230,4,13932.489999999998,2,2,5,225,9,2
CUST_0115,284,3,1984.3899999999999,1,2,2,122,5,1
CUST_0116,238,2,1477.8899999999999,2,1,1,211,4,1
CUST_0117,62,7,9101.16,5,4,5,545,14,0
CUST_0118,100,5,12236.41,5,3,5,535,13,0
CUST_0119,213,3,6646.16,3,2,4,324,9,1
CUST_0120,191,6,4756.98,3,3,4,334,10,2
CUST_0121,156,7,3162.26,4,4,3,443,11,2
CUST_0122,173,3,1114.85,4,2,1,421,7,1
CUST_0123,157,3,9482.56,4,2,5,425,11,0
CUST_0124,196,2,633.01,3,1,1,311,5,1
CUST_0125,84,5,3722.46,5,3,3,533,11,0
CUST_0126,147,6,1181.18,4,3,1,431,8,0
CUST_0127,31,8,2505.5,5,4,2,542,11,0
CUST_0128,237,4,3777.59,2,2,3,223,7,1
CUST_0129,175,4,1748.65,4,2,1,421,7,0
CUST_0130,207,4,3173.98,3,2,3,323,8,1
CUST_0131,236,3,4560.37,2,2,3,223,7,1
CUST_0132,241,2,2295.74,2,1,2,212,5,1
CUST_0133,203,6,7310.88,3,3,4,334,10,2
CUST_0134,176,6,25244.47,4,3,5,435,12,2
CUST_0135,156,5,2522.3199999999997,4,3,2,432,9,0
CUST_0136,247,8,29202.59,1,4,5,145,10,2
CUST_0137,263,6,28746.7,1,3,5,135,9,2
CUST_0138,293,2,4031.29,1,1,3,113,5,1
CUST_0139,245,3,14586.57,1,2,5,125,8,1
CUST_0140,264,1,897.84,1,1,1,111,3,1
CUST_0141,163,4,4018.83,4,2,3,423,9,0
CUST_0142,120,3,1454.18,5,2,1,521,8,0
CUST_0143,222,3,1719.65,2,2,1,221,5,1
CUST_0144,121,1,514.09,5,1,1,511,7,0
CUST_0145,212,5,2255.27,3,3,2,332,8,1
CUST_0146,150,4,2837.49,4,2,2,422,8,0
CUST_0147,243,5,20216.55,1,3,5,135,9,2
CUST_0148,237,3,5044.65,2,2,4,224,8,1
CUST_0149,152,1,1347.79,4,1,1,411,6,1
CUST_0150,209,5,5315.24,3,3,4,334,10,2
CUST_0151,250,4,2984.61,1,2,3,123,6,1
CUST_0152,197,8,9669.94,3,4,5,345,12,2
CUST_0153,176,5,4125.62,4,3,3,433,10,0
CUST_0154,102,5,4014.45,5,3,3,533,11,0
CUST_0155,271,3,2238.4300000000003,1,2,2,122,5,1
CUST_0156,192,8,2766.05,3,4,2,342,9,2
CUST_0157,225,5,10245.94,2,3,5,235,10,2
CUST_0158,152,4,3974.6,4,2,3,423,9,0
CUST_0159,200,5,6785.85,3,3,4,334,10,2
CUST_0160,160,6,54166.75,4,3,5,435,12,2
CUST_0161,183,6,2904.34,3,3,2,332,8,2
CUST_0162,267,3,656.72,1,2,1,121,4,1
CUST_0163,191,5,2680.16,3,3,2,332,8,1
CUST_0164,169,6,3746.3199999999997,4,3,3,433,10,0
CUST_0165,147,3,6803.99,4,2,4,424,10,0
CUST_0166,250,2,6461.08,1,1,4,114,6,1
CUST_0167,158,3,673.52,4,2,1,421,7,0
CUST_0168,157,6,12669.05,4,3,5,435,12,2
CUST_0169,228,5,3328.34,2,3,3,233,8,1
CUST_0170,224,5,13224.98,2,3,5,235,10,2
CUST_0171,224,2,1107.33,2,1,1,211,4,1
CUST_0172,145,3,2886.42,4,2,2,422,8,0
CUST_0173,218,3,10873.06,2,2,5,225,9,1
CUST_0174,130,4,1991.1699999999998,5,2,2,522,9,0
CUST_0175,202,2,18255.3,3,1,5,315,9,1
CUST_0176,271,3,14254.689999999999,1,2,5,125,8,1
CUST_0177,177,4,2772.7599999999998,4,2,2,422,8,0
CUST_0178,168,4,3860.51,4,2,3,423,9,0
CUST_0179,166,4,2688.26,4,2,2,422,8,0
CUST_0180,246,6,8146.62,1,3,5,135,9,2
CUST_0181,141,4,2882.09,4,2,2,422,8,0
CUST_0182,212,3,4921.82,3,2,4,324,9,1
CUST_0183,212,4,4678.85,3,2,4,324,9,1
CUST_0184,265,4,1971.08,1,2,2,122,5,1
CUST_0185,113,2,4883.09,5,1,4,514,10,0
CUST_0186,261,6,5241.3,1,3,4,134,8,2
CUST_0187,191,5,14284.59,3,3,5,335,11,2
CUST_0188,139,5,1747.33,5,3,1,531,9,0
CUST_0189,277,5,4498.52,1,3,3,133,7,1
CUST_0190,144,3,1228.62,4,2,1,421,7,0
CUST_0191,192,7,5054.75,3,4,4,344,11,2
CUST_0192,218,2,913.55,2,1,1,211,4,1
CUST_0193,245,2,2053.8900000000003,1,1,2,112,4,1
CUST_0194,277,3,3186.4799999999996,1,2,3,123,6,1
CUST_0195,258,4,3439.56,1,2,3,123,6,1
CUST_0196,125,4,3207.24,5,2,3,523,10,0
CUST_0197,290,3,4166.620000000001,1,2,3,123,6,1
CUST_0198,181,3,4313.42,3,2,3,323,8,1
CUST_0199,176,5,5016.77,4,3,4,434,11,0
CUST_0200,266,4,1309.98,1,2,1,121,4,1
CUST_0201,198,2,1282.37,3,1,1,311,5,1
CUST_0202,131,4,6439.56,5,2,4,524,11,0
CUST_0203,161,1,932.49,4,1,1,411,6,1
CUST_0204,146,4,25291.54,4,2,5,425,11,2
CUST_0205,242,3,1933.71,2,2,2,222,6,1
CUST_0206,214,5,3484.42,2,3,3,233,8,1
CUST_0207,161,2,518.41,4,1,1,411,6,1
CUST_0208,269,3,6217.070000000001,1,2,4,124,7,1
CUST_0209,145,5,21342.440000000002,4,3,5,435,12,2
CUST_0210,104,3,6270.74,5,2,4,524,11,0
CUST_0211,199,7,3114.81,3,4,3,343,10,2
CUST_0212,264,2,1211.54,1,1,1,111,3,1
CUST_0213,264,3,14384.99,1,2,5,125,8,1
CUST_0214,158,2,1735.25,4,1,1,411,6,1
CUST_0215,164,4,2613.09,4,2,2,422,8,0
CUST_0216,225,3,1479.27,2,2,1,221,5,1
CUST_0217,189,4,2861.65,3,2,2,322,7,1
CUST_0218,126,2,2609.7200000000003,5,1,2,512,8,0
CUST_0219,268,3,6754.16,1,2,4,124,7,1
CUST_0220,259,5,6651.16,1,3,4,134,8,2
CUST_0221,234,3,2933.3900000000003,2,2,2,222,6,1
CUST_0222,186,5,3840.96,3,3,3,333,9,0
CUST_0223,173,4,15002.96,4,2,5,425,11,2
CUST_0224,138,3,3589.36,5,2,3,523,10,0
CUST_0225,209,8,15382.57,3,4,5,345,12,2
CUST_0226,189,4,6863.99,3,2,4,324,9,1
CUST_0227,246,3,5264.969999999999,1,2,4,124,7,1
CUST_0228,174,2,1724.38,4,1,1,411,6,1
CUST_0229,200,3,626.91,3,2,1,321,6,1
CUST_0230,118,4,1386.52,5,2,1,521,8,0
CUST_0231,167,3,1157.9099999999999,4,2,1,421,7,1
CUST_0232,174,2,8339.77,4,1,5,415,10,1
CUST_0233,197,4,1452.0,3,2,1,321,6,1
CUST_0234,254,4,645.86,1,2,1,121,4,1
CUST_0235,251,5,517.58,1,3,1,131,5,1
CUST_0236,138,7,14150.48,5,4,5,545,14,2
CUST_0237,111,3,3418.87,5,2,3,523,10,0
CUST_0238,187,3,6756.6900000000005,3,2,4,324,9,1
CUST_0239,139,2,2518.83,5,1,2,512,8,0
CUST_0240,259,7,25400.82,1,4,5,145,10,2
CUST_0241,199,5,1775.88,3,3,2,332,8,1
CUST_0242,83,6,6306.8,5,3,4,534,12,0
CUST_0243,124,6,6189.87,5,3,4,534,12,0
CUST_0244,212,9,10568.46,3,5,5,355,13,2
CUST_0245,245,5,15145.28,1,3,5,135,9,2
CUST_0246,217,4,7071.42,2,2,4,224,8,1
CUST_0247,210,2,4796.34,3,1,4,314,8,1
CUST_0248,162,5,14369.24,4,3,5,435,12,2
CUST_0249,165,6,12532.130000000001,4,3,5,435,12,2
CUST_0250,237,6,3592.6099999999997,2,3,3,233,8,2
CUST_0251,122,5,3217.32,5,3,3,533,11,0
CUST_0252,269,3,1327.32,1,2,1,121,4,1
CUST_0253,254,2,855.0699999999999,1,1,1,111,3,1
CUST_0254,137,3,2184.96,5,2,2,522,9,0
CUST_0255,275,7,4842.12,1,4,4,144,9,2
CUST_0256,263,3,6591.23,1,2,4,124,7,1
CUST_0257,158,3,1246.73,4,2,1,421,7,0
CUST_0258,192,5,3668.35,3,3,3,333,9,1
CUST_0259,239,3,3856.1099999999997,2,2,3,223,7,1
CUST_0260,149,2,1221.04,4,1,1,411,6,0
CUST_0261,176,4,2131.3,4,2,2,422,8,0
CUST_0262,202,3,3026.5,3,2,3,323,8,1
CUST_0263,223,2,1202.79,2,1,1,211,4,1
CUST_0264,217,4,3101.19,2,2,3,223,7,1
CUST_0265,229,2,2376.28,2,1,2,212,5,1
CUST_0266,135,5,13872.400000000001,5,3,5,535,13,2
CUST_0267,225,5,2146.45,2,3,2,232,7,1
CUST_0268,209,4,6354.68,3,2,4,324,9,1
CUST_0269,138,4,2707.17,5,2,2,522,9,0
CUST_0270,250,3,700.51,1,2,1,121,4,1
CUST_0271,91,6,4936.09,5,3,4,534,12,0
CUST_0272,208,3,22501.7,3,2,5,325,10,2
CUST_0273,271,4,6638.58,1,2,4,124,7,1
CUST_0274,279,2,1292.54,1,1,1,111,3,1
CUST_0275,237,4,4032.05,2,2,3,223,7,1
CUST_0276,180,2,1607.7,4,1,1,411,6,1
CUST_0277,171,6,1769.1200000000001,4,3,2,432,9,0
CUST_0278,227,1,697.89,2,1,1,211,4,1
CUST_0279,272,8,10657.48,1,4,5,145,10,2
CUST_0280,140,5,3489.31,4,3,3,433,10,0
CUST_0281,217,6,21696.350000000002,2,3,5,235,10,2
CUST_0282,30,4,7145.99,5,2,4,524,11,0
CUST_0283,197,1,1019.17,3,1,1,311,5,1
CUST_0284,209,3,2658.4700000000003,3,2,2,322,7,1
CUST_0285,203,5,4274.610000000001,3,3,3,333,9,1
CUST_0286,179,2,1429.64,4,1,1,411,6,1
CUST_0287,293,3,3384.5,1,2,3,123,6,1
CUST_0288,212,1,448.35,3,1,1,311,5,1
CUST_0289,257,5,9928.49,1,3,5,135,9,2
CUST_0290,272,3,1716.15,1,2,1,121,4,1
CUST_0291,208,5,14313.61,3,3,5,335,11,2
CUST_0292,209,3,2250.46,3,2,2,322,7,1
CUST_0293,79,4,2396.95,5,2,2,522,9,0
CUST_0294,196,5,4360.99,3,3,3,333,9,1
CUST_0295,274,4,3752.7799999999997,1,2,3,123,6,1
CUST_0296,171,3,3004.5299999999997,4,2,3,423,9,1
CUST_0297,199,2,1139.26,3,1,1,311,5,1
CUST_0298,257,2,714.06,1,1,1,111,3,1
CUST_0299,207,4,1765.44,3,2,2,322,7,1
CUST_0300,149,4,25216.48,4,2,5,425,11,2
CUST_0301,169,5,6140.8,4,3,4,434,11,0
CUST_0302,172,4,2634.5,4,2,2,422,8,0
CUST_0303,164,2,2089.05,4,1,2,412,7,1
CUST_0304,271,7,7242.9,1,4,4,144,9,2
CUST_0305,267,5,5684.63,1,3,4,134,8,2
CUST_0306,179,3,1733.96,4,2,1,421,7,1
CUST_0307,232,4,10445.369999999999,2,2,5,225,9,2
CUST_0308,65,6,9982.9,5,3,5,535,13,0
CUST_0309,201,4,29853.1,3,2,5,325,10,2
CUST_0310,235,6,3491.6000000000004,2,3,3,233,8,2
CUST_0311,224,2,3147.4,2,1,3,213,6,1
CUST_0312,199,7,19028.96,3,4,5,345,12,2
CUST_0313,168,3,862.87,4,2,1,421,7,1
CUST_0314,219,3,291.05,2,2,1,221,5,1
CUST_0315,175,2,1954.06,4,1,2,412,7,1
CUST_0316,254,2,3179.94,1,1,3,113,5,1
CUST_0317,196,4,8440.78,3,2,5,325,10,1
CUST_0318,128,3,3878.61,5,2,3,523,10,0
CUST_0319,226,2,5767.33,2,1,4,214,7,1
CUST_0320,219,5,9487.35,2,3,5,235,10,2
CUST_0321,248,4,1911.21,1,2,2,122,5,1
CUST_0322,162,5,1990.22,4,3,2,432,9,0
CUST_0323,197,6,2099.94,3,3,2,332,8,2
CUST_0324,228,4,1784.72,2,2,2,222,6,1
CUST_0325,148,9,4833.13,4,5,4,454,13,2
CUST_0326,192,3,3916.46,3,2,3,323,8,1
CUST_0327,18,6,7423.64,5,3,4,534,12,0
CUST_0328,232,6,12671.94,2,3,5,235,10,2
CUST_0329,167,4,1883.8600000000001,4,2,2,422,8,0
CUST_0330,201,5,2148.18,3,3,2,332,8,1
CUST_0331,192,6,6315.02,3,3,4,334,10,2
CUST_0332,282,6,8465.9,1,3,5,135,9,2
CUST_0333,190,4,7167.030000000001,3,2,4,324,9,1
CUST_0334,228,6,8543.05,2,3,5,235,10,2
CUST_0335,225,3,3277.86,2,2,3,223,7,1
CUST_0336,237,4,5030.08,2,2,4,224,8,1
CUST_0337,240,4,10275.66,2,2,5,225,9,2
CUST_0338,228,3,1367.5,2,2,1,221,5,1
CUST_0339,127,5,3479.7000000000003,5,3,3,533,11,0
CUST_0340,190,6,5931.7,3,3,4,334,10,2
CUST_0341,267,5,1644.79,1,3,1,131,5,1
CUST_0342,256,3,2218.4700000000003,1,2,2,122,5,1
CUST_0343,222,3,4556.370000000001,2,2,3,223,7,1
CUST_0344,219,1,1211.99,2,1,1,211,4,1
CUST_0345,215,4,2138.52,2,2,2,222,6,1
CUST_0346,177,3,1421.3000000000002,4,2,1,421,7,1
CUST_0347,216,4,3814.85,2,2,3,223,7,1
CUST_0348,199,2,3900.9300000000003,3,1,3,313,7,1
CUST_0349,239,3,1849.0099999999998,2,2,2,222,6,1
CUST_0350,240,3,5249.01,2,2,4,224,8,1
CUST_0351,215,2,1399.55,2,1,1,211,4,1
CUST_0352,209,4,4577.38,3,2,3,323,8,1
CUST_0353,266,4,6439.52,1,2,4,124,7,1
CUST_0354,181,6,12367.52,3,3,5,335,11,2
CUST_0355,151,2,8395.27,4,1,5,415,10,0
CUST_0356,217,3,4373.05,2,2,3,223,7,1
CUST_0357,220,4,2653.34,2,2,2,222,6,1
CUST_0358,222,7,18513.85,2,4,5,245,11,2
CUST_0359,127,5,1828.17,5,3,2,532,10,0
CUST_0360,229,7,1432.26,2,4,1,241,7,2
CUST_0361,182,6,17549.25,3,3,5,335,11,2
CUST_0362,105,4,2430.2799999999997,5,2,2,522,9,0
CUST_0363,251,3,3798.39,1,2,3,123,6,1
CUST_0364,236,2,5803.82,2,1,4,214,7,1
CUST_0365,195,3,1957.3600000000001,3,2,2,322,7,1
CUST_0366,235,6,2540.2599999999998,2,3,2,232,7,2
CUST_0367,143,4,2329.91,4,2,2,422,8,0
CUST_0368,48,4,3397.07,5,2,3,523,10,0
CUST_0369,76,4,2465.39,5,2,2,522,9,0
CUST_0370,196,3,4188.099999999999,3,2,3,323,8,1
CUST_0371,258,2,1931.3999999999999,1,1,2,112,4,1
CUST_0372,214,6,13877.48,2,3,5,235,10,2
CUST_0373,201,5,10493.8,3,3,5,335,11,2
CUST_0374,276,2,637.29,1,1,1,111,3,1
CUST_0375,230,5,5221.2699999999995,2,3,4,234,9,2
CUST_0376,189,8,4603.78,3,4,3,343,10,2
CUST_0377,192,3,704.8,3,2,1,321,6,1
CUST_0378,217,4,3563.33,2,2,3,223,7,1
CUST_0379,107,1,801.62,5,1,1,511,7,0
CUST_0380,161,1,1285.81,4,1,1,411,6,1
CUST_0381,64,7,4340.6900000000005,5,4,3,543,12,0
CUST_0382,243,3,3064.6099999999997,1,2,3,123,6,1
CUST_0383,229,6,10167.67,2,3,5,235,10,2
CUST_0384,69,7,2220.43,5,4,2,542,11,0
CUST_0385,257,1,335.56,1,1,1,111,3,1
CUST_0386,201,3,3790.55,3,2,3,323,8,1
CUST_0387,145,4,3145.0699999999997,4,2,3,423,9,0
CUST_0388,181,6,1125.7,3,3,1,331,7,0
CUST_0389,265,2,4404.58,1,1,3,113,5,1
CUST_0390,258,4,2899.36,1,2,2,122,5,1
CUST_0391,195,6,6263.9400000000005,3,3,4,334,10,2
CUST_0392,203,7,1770.74,3,4,2,342,9,2
CUST_0393,135,3,2591.73,5,2,2,522,9,0
CUST_0394,253,4,5849.29,1,2,4,124,7,1
CUST_0395,228,4,7321.45,2,2,4,224,8,1
CUST_0396,120,4,2405.3599999999997,5,2,2,522,9,0
CUST_0397,187,4,7630.66,3,2,4,324,9,1
CUST_0398,272,4,6664.75,1,2,4,124,7,1
CUST_0399,229,4,1897.66,2,2,2,222,6,1
CUST_0400,290,5,5111.4,1,3,4,134,8,1
CUST_0401,235,6,2199.8,2,3,2,232,7,2
CUST_0402,206,4,730.06,3,2,1,321,6,1
CUST_0403,141,3,6385.46,4,2,4,424,10,0
CUST_0404,83,6,5594.29,5,3,4,534,12,0
CUST_0405,241,2,729.22,2,1,1,211,4,1
CUST_0406,210,5,4788.15,3,3,4,334,10,2
CUST_0407,259,4,1182.67,1,2,1,121,4,1
CUST_0408,175,3,3030.69,4,2,3,423,9,1
CUST_0409,176,3,10019.119999999999,4,2,5,425,11,1
CUST_0410,271,8,7615.0599999999995,1,4,4,144,9,2
CUST_0411,271,5,5208.43,1,3,4,134,8,1
CUST_0412,245,5,1483.5900000000001,1,3,1,131,5,1
CUST_0413,95,6,3663.27,5,3,3,533,11,0
CUST_0414,171,3,1785.9,4,2,2,422,8,1
CUST_0415,222,4,2684.51,2,2,2,222,6,1
CUST_0416,227,6,4033.49,2,3,3,233,8,2
CUST_0417,233,1,346.59,2,1,1,211,4,1
CUST_0418,278,5,6438.32,1,3,4,134,8,2
CUST_0419,145,4,8887.66,4,2,5,425,11,0
CUST_0420,88,3,2977.19,5,2,3,523,10,0
CUST_0421,152,4,1990.5500000000002,4,2,2,422,8,0
CUST_0422,112,3,6721.23,5,2,4,524,11,0
CUST_0423,198,2,6179.68,3,1,4,314,8,1
CUST_0424,218,1,383.6,2,1,1,211,4,1
CUST_0425,211,4,5052.46,3,2,4,324,9,1
CUST_0426,112,6,20119.32,5,3,5,535,13,2
CUST_0427,194,4,7240.85,3,2,4,324,9,1
CUST_0428,162,4,4317.97,4,2,3,423,9,0
CUST_0429,241,7,30660.98,2,4,5,245,11,2
CUST_0430,108,4,2641.18,5,2,2,522,9,0
CUST_0431,253,4,7189.35,1,2,4,124,7,1
CUST_0432,230,4,3766.18,2,2,3,223,7,1
CUST_0433,201,3,2844.49,3,2,2,322,7,1
CUST_0434,204,4,5327.610000000001,3,2,4,324,9,1
CUST_0435,64,2,2665.01,5,1,2,512,8,0
CUST_0436,212,6,2275.13,3,3,2,332,8,2
CUST_0437,188,2,4785.6,3,1,4,314,8,1
CUST_0438,228,5,2641.92,2,3,2,232,7,1
CUST_0439,175,2,3974.83,4,1,3,413,8,1
CUST_0440,99,5,2179.33,5,3,2,532,10,0
CUST_0441,99,3,2571.3999999999996,5,2,2,522,9,0
CUST_0442,187,6,3945.78,3,3,3,333,9,2
CUST_0443,207,3,2375.44,3,2,2,322,7,1
CUST_0444,222,3,3756.0699999999997,2,2,3,223,7,1
CUST_0445,151,6,16615.02,4,3,5,435,12,2
CUST_0446,240,4,5746.69,2,2,4,224,8,1
CUST_0447,32,3,3309.98,5,2,3,523,10,0
CUST_0448,178,3,2056.03,4,2,2,422,8,1
CUST_0449,195,6,5343.45,3,3,4,334,10,2
CUST_0450,127,5,9464.13,5,3,5,535,13,0
CUST_0451,128,4,6003.61,5,2,4,524,11,0
CUST_0452,81,4,3189.8599999999997,5,2,3,523,10,0
CUST_0453,117,3,8287.89,5,2,5,525,12,0
CUST_0454,130,1,1284.24,5,1,1,511,7,0
CUST_0455,176,5,1270.59,4,3,1,431,8,0
CUST_0456,224,4,12019.23,2,2,5,225,9,2
CUST_0457,227,5,2880.69,2,3,2,232,7,1
CUST_0458,167,5,1198.75,4,3,1,431,8,0
CUST_0459,193,3,3894.39,3,2,3,323,8,1
CUST_0460,170,8,1900.95,4,4,2,442,10,2
CUST_0461,217,2,490.96000000000004,2,1,1,211,4,1
CUST_0462,223,4,3215.14,2,2,3,223,7,1
CUST_0463,162,4,1577.28,4,2,1,421,7,0
CUST_0464,214,5,4188.24,2,3,3,233,8,1
CUST_0465,132,2,2872.55,5,1,2,512,8,0
CUST_0466,210,6,7741.88,3,3,5,335,11,2
CUST_0467,124,2,2325.42,5,1,2,512,8,0
CUST_0468,164,4,5126.03,4,2,4,424,10,0
CUST_0469,83,4,1780.17,5,2,2,522,9,0
CUST_0470,191,2,4710.849999999999,3,1,4,314,8,1
CUST_0471,170,6,2533.13,4,3,2,432,9,0
CUST_0472,124,2,4127.04,5,1,3,513,9,0
CUST_0473,109,3,6170.63,5,2,4,524,11,0
CUST_0474,163,3,4923.110000000001,4,2,4,424,10,0
CUST_0475,233,4,5744.74,2,2,4,224,8,1
CUST_0476,149,4,4185.73,4,2,3,423,9,0
CUST_0477,236,3,4973.29,2,2,4,224,8,1
CUST_0478,266,2,5511.35,1,1,4,114,6,1
CUST_0479,271,4,1122.42,1,2,1,121,4,1
CUST_0480,263,5,15481.57,1,3,5,135,9,2
CUST_0481,217,2,4532.65,2,1,3,213,6,1
CUST_0482,98,3,1988.83,5,2,2,522,9,0
CUST_0483,227,4,4951.84,2,2,4,224,8,1
CUST_0484,260,4,1969.99,1,2,2,122,5,1
CUST_0485,221,5,4506.56,2,3,3,233,8,1
CUST_0486,190,3,2295.71,3,2,2,322,7,1
CUST_0487,113,9,5725.64,5,5,4,554,14,2
CUST_0488,284,4,6529.030000000001,1,2,4,124,7,1
CUST_0489,200,5,9117.27,3,3,5,335,11,2
CUST_0490,244,4,1457.89,1,2,1,121,4,1
CUST_0491,202,5,12750.59,3,3,5,335,11,2
CUST_0492,268,3,1595.9299999999998,1,2,1,121,4,1
CUST_0493,279,2,1075.23,1,1,1,111,3,1
CUST_0494,176,3,3244.56,4,2,3,423,9,1
CUST_0495,227,2,774.52,2,1,1,211,4,1
CUST_0496,259,5,8256.93,1,3,5,135,9,2
CUST_0497,148,2,2147.08,4,1,2,412,7,0
CUST_0498,277,2,3498.61,1,1,3,113,5,1
CUST_0499,220,6,18547.48,2,3,5,235,10,2
CUST_0500,199,7,1235.0,3,4,1,341,8,2
CUST_0501,183,4,5634.95,3,2,4,324,9,1
CUST_0502,240,4,4699.889999999999,2,2,4,224,8,1
CUST_0503,62,5,3028.82,5,3,3,533,11,0
CUST_0504,234,7,4283.38,2,4,3,243,9,2
CUST_0505,123,6,5115.11,5,3,4,534,12,0
CUST_0506,74,8,529.4,5,4,1,541,10,0
CUST_0507,238,6,3199.59,2,3,3,233,8,2
CUST_0508,293,4,5006.6,1,2,4,124,7,1
CUST_0509,208,1,1357.13,3,1,1,311,5,1
CUST_0510,212,4,7976.51,3,2,5,325,10,1
CUST_0511,145,2,2392.83,4,1,2,412,7,0
CUST_0512,206,4,1521.25,3,2,1,321,6,1
CUST_0513,201,4,7301.48,3,2,4,324,9,1
CUST_0514,260,2,875.9200000000001,1,1,1,111,3,1
CUST_0515,223,3,3656.46,2,2,3,223,7,1
CUST_0516,235,4,2916.1800000000003,2,2,2,222,6,1
CUST_0517,262,5,4612.47,1,3,4,134,8,1
CUST_0518,250,3,10641.08,1,2,5,125,8,1
CUST_0519,197,4,3347.51,3,2,3,323,8,1
CUST_0520,222,4,7667.16,2,2,4,224,8,1
CUST_0521,161,4,2212.35,4,2,2,422,8,0
CUST_0522,92,4,542.73,5,2,1,521,8,0
CUST_0523,211,3,42520.05,3,2,5,325,10,2
CUST_0524,129,3,2653.46,5,2,2,522,9,0
CUST_0525,154,4,3826.58,4,2,3,423,9,0
CUST_0526,140,4,15665.51,4,2,5,425,11,2
CUST_0527,125,4,6549.67,5,2,4,524,11,0
CUST_0528,75,4,1024.3899999999999,5,2,1,521,8,0
CUST_0529,174,5,1934.91,4,3,2,432,9,0
CUST_0530,183,3,1678.5100000000002,3,2,1,321,6,1
CUST_0531,269,4,3879.62,1,2,3,123,6,1
CUST_0532,151,5,20898.57,4,3,5,435,12,2
CUST_0533,18,3,1338.28,5,2,1,521,8,0
CUST_0534,155,3,965.2,4,2,1,421,7,0
CUST_0535,214,2,2743.5,2,1,2,212,5,1
CUST_0536,258,4,1777.9299999999998,1,2,2,122,5,1
CUST_0537,214,4,5480.76,2,2,4,224,8,1
CUST_0538,20,2,2990.66,5,1,3,513,9,0
CUST_0539,236,7,1824.53,2,4,2,242,8,2
CUST_0540,254,7,2751.73,1,4,2,142,7,2
CUST_0541,79,5,3708.83,5,3,3,533,11,0
CUST_0542,169,2,655.98,4,1,1,411,6,1
CUST_0543,252,6,6787.43,1,3,4,134,8,2
CUST_0544,262,3,2199.24,1,2,2,122,5,1
CUST_0545,202,1,1272.61,3,1,1,311,5,1
CUST_0546,253,5,20259.16,1,3,5,135,9,2
CUST_0547,258,3,667.31,1,2,1,121,4,1
CUST_0548,69,6,4006.77,5,3,3,533,11,0
CUST_0549,199,4,6775.599999999999,3,2,4,324,9,1
CUST_0550,257,3,1540.84,1,2,1,121,4,1
CUST_0551,183,3,7462.76,3,2,4,324,9,1
CUST_0552,194,7,9819.82,3,4,5,345,12,2
CUST_0553,180,3,2833.38,4,2,2,422,8,1
CUST_0554,122,5,14874.96,5,3,5,535,13,2
CUST_0555,193,3,3577.7,3,2,3,323,8,1
CUST_0556,171,2,3026.0600000000004,4,1,3,413,8,1
CUST_0557,256,4,2387.54,1,2,2,122,5,1
CUST_0558,136,3,3657.32,5,2,3,523,10,0
CUST_0559,116,4,13475.94,5,2,5,525,12,0
CUST_0560,240,3,11469.220000000001,2,2,5,225,9,1
CUST_0561,224,2,2245.88,2,1,2,212,5,1
CUST_0562,204,4,21160.010000000002,3,2,5,325,10,2
CUST_0563,176,2,1544.48,4,1,1,411,6,1
CUST_0564,180,6,10955.380000000001,4,3,5,435,12,2
CUST_0565,161,5,13156.33,4,3,5,435,12,2
CUST_0566,232,4,4437.6,2,2,3,223,7,1
CUST_0567,193,2,12821.869999999999,3,1,5,315,9,1
CUST_0568,175,3,591.41,4,2,1,421,7,1
CUST_0569,150,5,5660.110000000001,4,3,4,434,11,0
CUST_0570,126,4,8555.98,5,2,5,525,12,0
CUST_0571,177,2,1603.85,4,1,1,411,6,1
CUST_0572,116,5,2424.98,5,3,2,532,10,0
CUST_0573,152,3,12893.49,4,2,5,425,11,0
CUST_0574,147,2,964.1500000000001,4,1,1,411,6,0
CUST_0575,141,4,4236.28,4,2,3,423,9,0
CUST_0576,177,6,1454.8200000000002,4,3,1,431,8,0
CUST_0577,186,4,3941.41,3,2,3,323,8,1
CUST_0578,193,7,25199.65,3,4,5,345,12,2
CUST_0579,215,6,2418.27,2,3,2,232,7,2
CUST_0580,231,3,4864.87,2,2,4,224,8,1
CUST_0581,282,6,14142.55,1,3,5,135,9,2
CUST_0582,119,2,2592.71,5,1,2,512,8,0
CUST_0583,182,2,14610.47,3,1,5,315,9,1
CUST_0584,242,7,9092.58,2,4,5,245,11,2
CUST_0585,147,4,6232.96,4,2,4,424,10,0
CUST_0586,128,4,6459.04,5,2,4,524,11,0
CUST_0587,237,4,2237.9,2,2,2,222,6,1
CUST_0588,9,2,1229.61,5,1,1,511,7,0
CUST_0589,190,3,2346.2200000000003,3,2,2,322,7,1
CUST_0590,171,4,1416.32,4,2,1,421,7,0
CUST_0591,225,2,984.6,2,1,1,211,4,1
CUST_0592,138,4,9024.470000000001,5,2,5,525,12,0
CUST_0593,61,4,5736.62,5,2,4,524,11,0
CUST_0594,146,1,490.22,4,1,1,411,6,1
CUST_0595,76,5,2183.81,5,3,2,532,10,0
CUST_0596,126,2,1163.75,5,1,1,511,7,0
CUST_0597,149,2,7514.2,4,1,4,414,9,0
CUST_0598,218,2,395.53999999999996,2,1,1,211,4,1
CUST_0599,184,1,1122.53,3,1,1,311,5,1
CUST_0600,147,4,2255.43,4,2,2,422,8,0
CUST_0601,197,3,1900.94,3,2,2,322,7,1
CUST_0602,243,7,6650.25,1,4,4,144,9,2
CUST_0603,67,4,3882.24,5,2,3,523,10,0
CUST_0604,283,4,382.64,1,2,1,121,4,1
CUST_0605,285,4,8457.97,1,2,5,125,8,1
CUST_0606,183,9,4457.67,3,5,3,353,11,2
CUST_0607,178,2,2586.99,4,1,2,412,7,1
CUST_0608,83,2,1161.79,5,1,1,511,7,0
CUST_0609,229,4,2581.34,2,2,2,222,6,1
CUST_0610,151,4,3039.52,4,2,3,423,9,0
CUST_0611,276,6,8876.26,1,3,5,135,9,2
CUST_0612,232,2,2988.7799999999997,2,1,3,213,6,1
CUST_0613,205,3,1515.32,3,2,1,321,6,1
CUST_0614,262,4,7162.18,1,2,4,124,7,1
CUST_0615,142,6,3061.07,4,3,3,433,10,0
CUST_0616,168,4,4672.6,4,2,4,424,10,0
CUST_0617,157,3,431.12,4,2,1,421,7,0
CUST_0618,250,6,6299.87,1,3,4,134,8,2
CUST_0619,96,2,728.6700000000001,5,1,1,511,7,0
CUST_0620,199,3,4677.639999999999,3,2,4,324,9,1
CUST_0621,199,5,4380.34,3,3,3,333,9,1
CUST_0622,72,5,11946.49,5,3,5,535,13,0
CUST_0623,155,5,9117.73,4,3,5,435,12,0
CUST_0624,105,3,1995.1799999999998,5,2,2,522,9,0
CUST_0625,230,4,5002.25,2,2,4,224,8,1
CUST_0626,207,3,2525.23,3,2,2,322,7,1
CUST_0627,232,3,916.39,2,2,1,221,5,1
CUST_0628,269,8,4440.61,1,4,3,143,8,2
CUST_0629,270,4,5404.79,1,2,4,124,7,1
CUST_0630,192,4,3248.49,3,2,3,323,8,1
CUST_0631,163,3,2169.67,4,2,2,422,8,0
CUST_0632,210,4,3106.63,3,2,3,323,8,1
CUST_0633,187,2,2299.91,3,1,2,312,6,1
CUST_0634,162,4,2983.61,4,2,3,423,9,0
CUST_0635,164,2,1305.88,4,1,1,411,6,1
CUST_0636,245,4,2502.01,1,2,2,122,5,1
CUST_0637,117,5,10114.49,5,3,5,535,13,0
CUST_0638,81,3,3237.06,5,2,3,523,10,0
CUST_0639,145,2,3223.15,4,1,3,413,8,0
CUST_0640,267,2,1157.52,1,1,1,111,3,1
CUST_0641,164,4,11029.69,4,2,5,425,11,0
CUST_0642,153,1,702.99,4,1,1,411,6,1
CUST_0643,188,6,30431.86,3,3,5,335,11,2
CUST_0644,194,8,17459.18,3,4,5,345,12,2
CUST_0645,163,1,305.11,4,1,1,411,6,1
CUST_0646,226,2,1343.17,2,1,1,211,4,1
CUST_0647,229,5,16687.8,2,3,5,235,10,2
CUST_0648,277,4,5338.92,1,2,4,124,7,1
CUST_0649,204,3,4328.72,3,2,3,323,8,1
CUST_0650,178,6,5443.12,4,3,4,434,11,2
CUST_0651,187,4,950.3000000000001,3,2,1,321,6,1
CUST_0652,51,4,1424.85,5,2,1,521,8,0
CUST_0653,215,5,3917.05,2,3,3,233,8,1
CUST_0654,265,4,2773.06,1,2,2,122,5,1
CUST_0655,248,4,1004.64,1,2,1,121,4,1
CUST_0656,217,6,4088.23,2,3,3,233,8,2
CUST_0657,219,3,5296.39,2,2,4,224,8,1
CUST_0658,178,3,14550.91,4,2,5,425,11,2
CUST_0659,200,4,5648.02,3,2,4,324,9,1
CUST_0660,192,4,24895.17,3,2,5,325,10,2
CUST_0661,226,5,5276.2,2,3,4,234,9,2
CUST_0662,109,4,1525.59,5,2,1,521,8,0
CUST_0663,159,7,21558.46,4,4,5,445,13,2
CUST_0664,212,1,132.99,3,1,1,311,5,1
CUST_0665,277,1,3164.44,1,1,3,113,5,1
CUST_0666,189,7,35426.96,3,4,5,345,12,2
CUST_0667,223,2,2268.4300000000003,2,1,2,212,5,1
CUST_0668,162,5,3964.5299999999997,4,3,3,433,10,0
CUST_0669,198,6,2288.96,3,3,2,332,8,2
CUST_0670,239,3,6030.66,2,2,4,224,8,1
CUST_0671,101,5,2113.4,5,3,2,532,10,0
CUST_0672,200,5,66954.78,3,3,5,335,11,2
CUST_0673,158,4,878.47,4,2,1,421,7,0
CUST_0674,83,3,9204.05,5,2,5,525,12,0
CUST_0675,118,7,13558.28,5,4,5,545,14,2
CUST_0676,207,4,6490.55,3,2,4,324,9,1
CUST_0677,115,7,5125.950000000001,5,4,4,544,13,0
CUST_0678,79,8,3539.5299999999997,5,4,3,543,12,0
CUST_0679,107,4,1575.54,5,2,1,521,8,0
CUST_0680,163,7,13197.050000000001,4,4,5,445,13,2
CUST_0681,196,3,4781.76,3,2,4,324,9,1
CUST_0682,265,3,2447.94,1,2,2,122,5,1
CUST_0683,161,7,33929.22,4,4,5,445,13,2
CUST_0684,82,2,1423.23,5,1,1,511,7,0
CUST_0685,284,4,25278.05,1,2,5,125,8,2
CUST_0686,242,3,3324.38,2,2,3,223,7,1
CUST_0687,117,4,7612.58,5,2,4,524,11,0
CUST_0688,225,4,1291.99,2,2,1,221,5,1
CUST_0689,199,6,6210.16,3,3,4,334,10,2
CUST_0690,289,5,1328.11,1,3,1,131,5,1
CUST_0691,248,4,1331.67,1,2,1,121,4,1
CUST_0692,243,3,7834.12,1,2,5,125,8,1
CUST_0693,116,6,10089.54,5,3,5,535,13,0
CUST_0694,65,3,3746.72,5,2,3,523,10,0
CUST_0695,228,3,3217.13,2,2,3,223,7,1
CUST_0696,106,2,2747.34,5,1,2,512,8,0
CUST_0697,279,3,3866.85,1,2,3,123,6,1
CUST_0698,116,3,9577.06,5,2,5,525,12,0
CUST_0699,273,5,5575.87,1,3,4,134,8,2
CUST_0700,240,6,2998.6,2,3,3,233,8,2
CUST_0701,100,3,1751.19,5,2,2,522,9,0
CUST_0702,89,4,4118.12,5,2,3,523,10,0
CUST_0703,150,1,439.83,4,1,1,411,6,1
CUST_0704,267,2,1372.84,1,1,1,111,3,1
CUST_0705,138,5,3061.39,5,3,3,533,11,0
CUST_0706,141,6,1873.2,4,3,2,432,9,0
CUST_0707,109,2,1788.75,5,1,2,512,8,0
CUST_0708,162,4,8625.32,4,2,5,425,11,0
CUST_0709,131,5,2957.18,5,3,2,532,10,0
CUST_0710,241,4,9597.779999999999,2,2,5,225,9,1
CUST_0711,240,6,2788.2799999999997,2,3,2,232,7,2
CUST_0712,182,3,986.77,3,2,1,321,6,1
CUST_0713,188,2,1220.0700000000002,3,1,1,311,5,1
CUST_0714,289,3,2975.71,1,2,2,122,5,1
CUST_0715,210,3,4761.639999999999,3,2,4,324,9,1
CUST_0716,242,3,4455.85,2,2,3,223,7,1
CUST_0717,205,5,4063.0699999999997,3,3,3,333,9,1
CUST_0718,201,3,3355.5099999999998,3,2,3,323,8,1
CUST_0719,125,4,1762.02,5,2,2,522,9,0
CUST_0720,93,4,2808.35,5,2,2,522,9,0
CUST_0721,5,6,4969.75,5,3,4,534,12,0
CUST_0722,242,6,3510.7200000000003,2,3,3,233,8,2
CUST_0723,269,5,6173.15,1,3,4,134,8,2
CUST_0724,207,7,3386.07,3,4,3,343,10,2
CUST_0725,185,4,11558.5,3,2,5,325,10,2
CUST_0726,176,9,7437.46,4,5,4,454,13,2
CUST_0727,251,4,7114.46,1,2,4,124,7,1
CUST_0728,191,3,1195.58,3,2,1,321,6,1
CUST_0729,232,2,1096.8899999999999,2,1,1,211,4,1
CUST_0730,224,7,9221.77,2,4,5,245,11,2
CUST_0731,244,4,11634.49,1,2,5,125,8,2
CUST_0732,174,5,1090.6100000000001,4,3,1,431,8,0
CUST_0733,238,5,18465.07,2,3,5,235,10,2
CUST_0734,140,6,5503.110000000001,4,3,4,434,11,0
CUST_0735,271,2,1975.2399999999998,1,1,2,112,4,1
CUST_0736,209,3,3293.82,3,2,3,323,8,1
CUST_0737,128,6,5787.91,5,3,4,534,12,0
CUST_0738,157,3,9942.86,4,2,5,425,11,0
CUST_0739,19,5,3335.1000000000004,5,3,3,533,11,0
CUST_0740,263,3,1373.67,1,2,1,121,4,1
CUST_0741,236,4,1838.2199999999998,2,2,2,222,6,1
CUST_0742,183,5,5848.72,3,3,4,334,10,2
CUST_0743,74,5,2503.92,5,3,2,532,10,0
CUST_0744,266,5,9231.68,1,3,5,135,9,2
CUST_0745,172,2,2305.3500000000004,4,1,2,412,7,1
CUST_0746,116,5,5586.57,5,3,4,534,12,0
CUST_0747,210,2,2057.37,3,1,2,312,6,1
CUST_0748,113,6,3159.54,5,3,3,533,11,0
CUST_0749,240,5,7909.67,2,3,5,235,10,2
CUST_0750,108,4,4861.52,5,2,4,524,11,0
CUST_0751,155,6,4842.889999999999,4,3,4,434,11,0
CUST_0752,269,6,2888.88,1,3,2,132,6,2
CUST_0753,274,2,6380.82,1,1,4,114,6,1
CUST_0754,170,2,1806.52,4,1,2,412,7,1
CUST_0755,145,4,2088.48,4,2,2,422,8,0
CUST_0756,115,4,913.5699999999999,5,2,1,521,8,0
CUST_0757,195,6,14746.16,3,3,5,335,11,2
CUST_0758,170,3,4766.52,4,2,4,424,10,1
CUST_0759,221,6,4269.56,2,3,3,233,8,2
CUST_0760,173,5,6172.52,4,3,4,434,11,0
CUST_0761,196,5,5710.79,3,3,4,334,10,2
CUST_0762,115,6,3877.4,5,3,3,533,11,0
CUST_0763,115,7,3418.53,5,4,3,543,12,0
CUST_0764,184,5,6337.8,3,3,4,334,10,2
CUST_0765,107,3,2384.41,5,2,2,522,9,0
CUST_0766,216,5,7665.02,2,3,4,234,9,2
CUST_0767,178,3,7558.0599999999995,4,2,4,424,10,1
CUST_0768,97,4,16018.33,5,2,5,525,12,0
CUST_0769,90,3,2187.4,5,2,2,522,9,0
CUST_0770,251,6,8574.99,1,3,5,135,9,2
CUST_0771,268,3,1055.91,1,2,1,121,4,1
CUST_0772,255,4,15702.84,1,2,5,125,8,2
CUST_0773,271,4,2693.8900000000003,1,2,2,122,5,1
CUST_0774,152,2,5434.66,4,1,4,414,9,0
CUST_0775,218,3,1227.51,2,2,1,221,5,1
CUST_0776,197,4,6647.87,3,2,4,324,9,1
CUST_0777,123,3,3292.1400000000003,5,2,3,523,10,0
CUST_0778,271,6,15825.16,1,3,5,135,9,2
CUST_0779,89,5,5418.68,5,3,4,534,12,0
CUST_0780,244,4,10848.72,1,2,5,125,8,2
CUST_0781,72,4,3430.83,5,2,3,523,10,0
CUST_0782,55,2,2695.87,5,1,2,512,8,0
CUST_0783,266,4,18780.09,1,2,5,125,8,2
CUST_0784,68,3,1778.52,5,2,2,522,9,0
CUST_0785,147,5,8970.84,4,3,5,435,12,0
CUST_0786,224,4,2381.05,2,2,2,222,6,1
CUST_0787,198,5,5203.73,3,3,4,334,10,2
CUST_0788,165,7,3320.64,4,4,3,443,11,2
CUST_0789,226,5,10433.66,2,3,5,235,10,2
CUST_0790,204,8,8402.02,3,4,5,345,12,2
CUST_0791,233,7,4424.97,2,4,3,243,9,2
CUST_0792,142,4,8230.56,4,2,5,425,11,0
CUST_0793,148,4,2439.36,4,2,2,422,8,0
CUST_0794,223,5,6005.49,2,3,4,234,9,2
CUST_0795,54,7,5679.65,5,4,4,544,13,0
CUST_0796,21,5,15569.29,5,3,5,535,13,0
CUST_0797,251,4,11524.279999999999,1,2,5,125,8,2
CUST_0798,257,2,631.4000000000001,1,1,1,111,3,1
CUST_0799,173,5,10870.76,4,3,5,435,12,2
CUST_0800,192,5,8333.87,3,3,5,335,11,2
CUST_0801,212,2,589.1,3,1,1,311,5,1
CUST_0802,137,5,2523.0,5,3,2,532,10,0
CUST_0803,138,4,7709.82,5,2,5,525,12,0
CUST_0804,78,4,1741.6100000000001,5,2,1,521,8,0
CUST_0805,189,4,3168.48,3,2,3,323,8,1
CUST_0806,180,2,3011.87,4,1,3,413,8,1
CUST_0807,172,5,18345.170000000002,4,3,5,435,12,2
CUST_0808,229,3,2713.69,2,2,2,222,6,1
CUST_0809,104,2,2856.99,5,1,2,512,8,0
CUST_0810,143,3,1934.26,4,2,2,422,8,0
CUST_0811,149,5,31081.2,4,3,5,435,12,2
CUST_0812,248,4,3747.57,1,2,3,123,6,1
CUST_0813,258,1,647.36,1,1,1,111,3,1
CUST_0814,145,7,15731.77,4,4,5,445,13,2
CUST_0815,243,3,6392.18,1,2,4,124,7,1
CUST_0816,267,4,6477.27,1,2,4,124,7,1
CUST_0817,258,6,1081.66,1,3,1,131,5,2
CUST_0818,178,5,4670.64,4,3,4,434,11,0
CUST_0819,179,8,3070.54,4,4,3,443,11,2
CUST_0820,218,3,873.6,2,2,1,221,5,1
CUST_0821,185,1,1598.31,3,1,1,311,5,1
CUST_0822,261,5,17202.0,1,3,5,135,9,2
CUST_0823,145,5,1933.51,4,3,2,432,9,0
CUST_0824,242,5,8579.119999999999,2,3,5,235,10,2
CUST_0825,204,4,14352.460000000001,3,2,5,325,10,2
CUST_0826,165,6,3075.21,4,3,3,433,10,0
CUST_0827,168,7,5338.63,4,4,4,444,12,2
CUST_0828,100,2,4105.58,5,1,3,513,9,0
CUST_0829,171,2,2970.93,4,1,2,412,7,1
CUST_0830,155,5,23389.89,4,3,5,435,12,2
CUST_0831,106,1,1414.97,5,1,1,511,7,0
CUST_0832,189,4,5420.610000000001,3,2,4,324,9,1
CUST_0833,242,7,5517.9400000000005,2,4,4,244,10,2
CUST_0834,69,3,3070.8599999999997,5,2,3,523,10,0
CUST_0835,277,5,6393.38,1,3,4,134,8,2
CUST_0836,205,2,2255.88,3,1,2,312,6,1
CUST_0837,272,6,5283.25,1,3,4,134,8,2
CUST_0838,248,7,2931.85,1,4,2,142,7,2
CUST_0839,199,4,2734.34,3,2,2,322,7,1
CUST_0840,275,3,7199.25,1,2,4,124,7,1
CUST_0841,215,4,5977.36,2,2,4,224,8,1
CUST_0842,161,2,297.93,4,1,1,411,6,1
CUST_0843,220,4,7669.389999999999,2,2,5,225,9,1
CUST_0844,251,2,9705.21,1,1,5,115,7,1
CUST_0845,136,3,1226.13,5,2,1,521,8,0
CUST_0846,260,4,2907.2,1,2,2,122,5,1
CUST_0847,248,2,8227.0,1,1,5,115,7,1
CUST_0848,217,2,803.02,2,1,1,211,4,1
CUST_0849,205,8,4088.25,3,4,3,343,10,2
CUST_0850,192,8,6310.26,3,4,4,344,11,2
CUST_0851,212,2,1636.83,3,1,1,311,5,1
CUST_0852,257,3,5678.51,1,2,4,124,7,1
CUST_0853,242,9,10139.68,2,5,5,255,12,2
CUST_0854,147,4,3095.86,4,2,3,423,9,0
CUST_0855,152,4,5813.98,4,2,4,424,10,0
CUST_0856,198,4,6776.89,3,2,4,324,9,1
CUST_0857,50,5,4087.37,5,3,3,533,11,0
CUST_0858,218,3,3279.24,2,2,3,223,7,1
CUST_0859,133,6,21005.76,5,3,5,535,13,2
CUST_0860,278,5,1064.23,1,3,1,131,5,1
CUST_0861,237,5,14836.79,2,3,5,235,10,2
CUST_0862,269,5,5956.68,1,3,4,134,8,2
CUST_0863,134,1,1621.5,5,1,1,511,7,0
CUST_0864,153,4,1202.8899999999999,4,2,1,421,7,0
CUST_0865,184,5,6116.55,3,3,4,334,10,2
CUST_0866,164,7,4048.69,4,4,3,443,11,2
CUST_0867,220,3,4248.849999999999,2,2,3,223,7,1
CUST_0868,131,2,2024.44,5,1,2,512,8,0
CUST_0869,141,1,566.95,4,1,1,411,6,1
CUST_0870,252,6,36746.05,1,3,5,135,9,2
CUST_0871,177,5,10911.47,4,3,5,435,12,2
CUST_0872,60,3,6239.91,5,2,4,524,11,0
CUST_0873,159,4,5883.55,4,2,4,424,10,0
CUST_0874,48,2,2150.41,5,1,2,512,8,0
CUST_0875,240,5,5814.6900000000005,2,3,4,234,9,2
CUST_0876,265,7,6462.79,1,4,4,144,9,2
CUST_0877,254,4,4738.94,1,2,4,124,7,1
CUST_0878,168,3,475.45000000000005,4,2,1,421,7,1
CUST_0879,273,3,2664.9300000000003,1,2,2,122,5,1
CUST_0880,167,5,1375.17,4,3,1,431,8,0
CUST_0881,259,5,5798.53,1,3,4,134,8,2
CUST_0882,216,4,1633.25,2,2,1,221,5,1
CUST_0883,271,3,4489.09,1,2,3,123,6,1
CUST_0884,108,2,2060.0699999999997,5,1,2,512,8,0
CUST_0885,212,4,2879.4,3,2,2,322,7,1
CUST_0886,255,5,8052.53,1,3,5,135,9,2
CUST_0887,121,5,6344.05,5,3,4,534,12,0
CUST_0888,224,2,7374.1,2,1,4,214,7,1
CUST_0889,174,5,2040.8,4,3,2,432,9,0
CUST_0890,218,5,5697.39,2,3,4,234,9,2
CUST_0891,169,4,3356.59,4,2,3,423,9,0
CUST_0892,221,5,1772.04,2,3,2,232,7,1
CUST_0893,89,2,4514.360000000001,5,1,3,513,9,0
CUST_0894,197,7,12080.34,3,4,5,345,12,2
CUST_0895,253,6,2073.96,1,3,2,132,6,2
CUST_0896,211,2,8435.09,3,1,5,315,9,1
CUST_0897,144,3,1847.27,4,2,2,422,8,0
CUST_0898,232,7,4304.17,2,4,3,243,9,2
CUST_0899,72,3,9221.17,5,2,5,525,12,0
CUST_0900,240,7,4492.21,2,4,3,243,9,2
CUST_0901,137,3,3552.6800000000003,5,2,3,523,10,0
CUST_0902,238,6,3352.8599999999997,2,3,3,233,8,2
CUST_0903,242,8,12762.109999999999,2,4,5,245,11,2
CUST_0904,273,1,2422.72,1,1,2,112,4,1
CUST_0905,223,5,10344.529999999999,2,3,5,235,10,2
CUST_0906,259,5,9726.92,1,3,5,135,9,2
CUST_0907,233,5,5144.85,2,3,4,234,9,2
CUST_0908,212,3,2976.75,3,2,2,322,7,1
CUST_0909,83,4,5697.5,5,2,4,524,11,0
CUST_0910,234,2,721.74,2,1,1,211,4,1
CUST_0911,232,3,10513.49,2,2,5,225,9,1
CUST_0912,213,2,1518.62,3,1,1,311,5,1
CUST_0913,154,6,2496.19,4,3,2,432,9,0
CUST_0914,254,4,5362.14,1,2,4,124,7,1
CUST_0915,260,7,4375.64,1,4,3,143,8,2
CUST_0916,120,3,3434.09,5,2,3,523,10,0
CUST_0917,237,3,3916.6899999999996,2,2,3,223,7,1
CUST_0918,123,5,30911.08,5,3,5,535,13,2
CUST_0919,240,3,3280.0499999999997,2,2,3,223,7,1
CUST_0920,179,4,1749.89,4,2,1,421,7,1
CUST_0921,268,3,2932.63,1,2,2,122,5,1
CUST_0922,191,2,2509.92,3,1,2,312,6,1
CUST_0923,232,10,9837.33,2,5,5,255,12,2
CUST_0924,206,5,5630.1,3,3,4,334,10,2
CUST_0925,91,3,3798.21,5,2,3,523,10,0
CUST_0926,191,5,1006.0899999999999,3,3,1,331,7,1
CUST_0927,88,7,3798.32,5,4,3,543,12,0
CUST_0928,132,6,6202.92,5,3,4,534,12,0
CUST_0929,207,6,8779.17,3,3,5,335,11,2
CUST_0930,183,3,1533.31,3,2,1,321,6,1
CUST_0931,291,7,10005.51,1,4,5,145,10,2
CUST_0932,222,4,2826.77,2,2,2,222,6,1
CUST_0933,130,8,32887.51,5,4,5,545,14,2
CUST_0934,203,3,2628.0699999999997,3,2,2,322,7,1
CUST_0935,147,3,14191.47,4,2,5,425,11,0
CUST_0936,115,3,3756.57,5,2,3,523,10,0
CUST_0937,228,3,14032.36,2,2,5,225,9,1
CUST_0938,193,7,5818.37,3,4,4,344,11,2
CUST_0939,159,6,4169.28,4,3,3,433,10,0
CUST_0940,140,6,22989.57,4,3,5,435,12,2
CUST_0941,142,6,6088.49,4,3,4,434,11,0
CUST_0942,164,6,3306.8599999999997,4,3,3,433,10,0
CUST_0943,206,3,1332.6599999999999,3,2,1,321,6,1
CUST_0944,271,5,2267.99,1,3,2,132,6,1
CUST_0945,262,2,5789.28,1,1,4,114,6,1
CUST_0946,215,6,8809.2,2,3,5,235,10,2
CUST_0947,126,3,1630.43,5,2,1,521,8,0
CUST_0948,263,5,9161.25,1,3,5,135,9,2
CUST_0949,157,6,5296.07,4,3,4,434,11,0
CUST_0950,101,5,11284.279999999999,5,3,5,535,13,0
CUST_0951,251,2,2530.5,1,1,2,112,4,1
CUST_0952,231,4,4794.19,2,2,4,224,8,1
CUST_0953,237,4,1195.55,2,2,1,221,5,1
CUST_0954,74,2,785.3599999999999,5,1,1,511,7,0
CUST_0955,204,1,14053.12,3,1,5,315,9,1
CUST_0956,274,4,2910.94,1,2,2,122,5,1
CUST_0957,218,5,9670.81,2,3,5,235,10,2
CUST_0958,214,6,5619.84,2,3,4,234,9,2
CUST_0959,192,3,2412.87,3,2,2,322,7,1
CUST_0960,198,4,900.56,3,2,1,321,6,1
CUST_0961,203,1,949.42,3,1,1,311,5,1
CUST_0962,186,5,3668.79,3,3,3,333,9,0
CUST_0963,278,2,970.8,1,1,1,111,3,1
CUST_0964,252,4,1067.42,1,2,1,121,4,1
CUST_0965,117,3,3720.27,5,2,3,523,10,0
CUST_0966,141,6,5085.73,4,3,4,434,11,0
CUST_0967,159,4,5798.29,4,2,4,424,10,0
CUST_0968,288,5,5818.89,1,3,4,134,8,2
CUST_0969,181,1,822.85,3,1,1,311,5,1
CUST_0970,218,5,2659.69,2,3,2,232,7,1
CUST_0971,216,3,892.45,2,2,1,221,5,1
CUST_0972,215,5,3052.24,2,3,3,233,8,1
CUST_0973,225,5,8066.55,2,3,5,235,10,2
CUST_0974,238,2,12184.93,2,1,5,215,8,1
CUST_0975,91,5,8695.88,5,3,5,535,13,0
CUST_0976,162,5,4496.73,4,3,3,433,10,0
CUST_0977,244,4,4148.92,1,2,3,123,6,1
CUST_0978,174,3,8899.54,4,2,5,425,11,1
CUST_0979,222,2,1073.3600000000001,2,1,1,211,4,1
CUST_0980,245,5,8770.64,1,3,5,135,9,2
CUST_0981,255,3,697.07,1,2,1,121,4,1
CUST_0982,126,3,2986.65,5,2,3,523,10,0
CUST_0983,139,8,2483.79,5,4,2,542,11,2
CUST_0984,253,6,7921.58,1,3,5,135,9,2
CUST_0985,225,3,1399.04,2,2,1,221,5,1
CUST_0986,266,2,415.35,1,1,1,111,3,1
CUST_0987,244,7,1436.28,1,4,1,141,6,2
CUST_0988,202,3,3438.04,3,2,3,323,8,1
CUST_0989,230,6,3378.39,2,3,3,233,8,2
CUST_0990,142,3,5199.54,4,2,4,424,10,0
CUST_0991,118,6,11565.25,5,3,5,535,13,2
CUST_0992,243,8,3849.92,1,4,3,143,8,2
CUST_0993,217,3,5567.49,2,2,4,224,8,1
CUST_0994,238,3,2726.67,2,2,2,222,6,1
CUST_0995,182,4,9574.15,3,2,5,325,10,2
CUST_0996,200,4,3927.9700000000003,3,2,3,323,8,1
CUST_0997,218,1,364.55,2,1,1,211,4,1
CUST_0998,172,7,10085.26,4,4,5,445,13,2
CUST_0999,178,4,2225.08,4,2,2,422,8,1
CUST_1000,147,5,1858.73,4,3,2,432,9,0
