"Date","Price","Open","High","Low","Vol.","Change %"
"2025/10/01","4,266.60","3,887.70","4,391.69","3,843.00","3.88M","10.16%"
"2025/09/01","3,873.20","3,499.40","3,899.20","3,493.90","585.10K","10.57%"
"2025/08/01","3,502.80","3,314.60","3,505.30","3,304.00","260.88K","5.47%"
"2025/07/01","3,321.10","3,339.50","3,466.50","3,292.50","65.11K","-0.04%"
"2025/06/01","3,322.30","3,323.00","3,476.30","3,272.80","3.50M","-0.23%"
"2025/05/01","3,330.10","3,328.50","3,477.30","3,151.00","973.40K","-1.32%"
"2025/04/01","3,374.70","3,184.00","3,544.20","3,022.60","2.08K","7.63%"
"2025/03/01","3,135.60","2,872.00","3,145.80","2,866.30","3.49M","9.55%"
"2025/02/01","2,862.20","2,846.50","2,974.00","2,802.20","3.12M","0.96%"
"2025/01/01","2,835.00","2,652.00","2,862.90","2,638.90","386.65K","6.85%"
"2024/12/01","2,653.30","2,673.80","2,761.30","2,596.70","2.92M","-1.03%"
"2024/11/01","2,681.00","2,766.90","2,782.80","2,560.80","360.31K","-2.92%"
"2024/10/01","2,761.60","2,656.10","2,813.10","2,618.80","3.63M","4.29%"
"2024/09/01","2,647.90","2,509.00","2,684.00","2,479.80","166.00K","5.24%"
"2024/08/01","2,516.00","2,469.60","2,546.80","2,382.80","186.00K","2.72%"
"2024/07/01","2,449.30","2,355.20","2,500.50","2,344.40","46.24K","4.19%"
"2024/06/01","2,350.90","2,348.00","2,406.70","2,304.20","3.06M","0.73%"
"2024/05/01","2,333.90","2,298.20","2,454.20","2,285.20","4.54M","1.35%"
"2024/04/01","2,302.90","2,243.50","2,436.60","2,238.50","441.98K","3.40%"
"2024/03/01","2,227.10","2,052.80","2,243.50","2,047.00","4.74M","8.39%"
"2024/02/01","2,054.70","2,047.70","2,072.90","1,987.20","384.71K","-0.13%"
"2024/01/01","2,057.40","2,072.70","2,088.10","2,004.00","3.84M","-0.70%"
"2023/12/01","2,071.80","2,049.00","2,140.70","1,979.00","251.34K","1.65%"
"2023/11/01","2,038.10","1,993.30","2,052.10","1,935.60","3.67M","2.20%"
"2023/10/01","1,994.30","1,864.40","2,019.70","1,823.50","4.66M","5.78%"
"2023/09/01","1,885.40","1,966.40","1,980.20","1,881.50","3.09M","-4.09%"
"2023/08/01","1,965.90","2,004.20","2,004.40","1,913.60","3.17M","-2.16%"
"2023/07/01","2,009.20","1,945.40","2,010.90","1,927.60","246.57K","4.14%"
"2023/06/01","1,929.40","1,981.30","2,000.70","1,900.60","3.65M","-2.66%"
"2023/05/01","1,982.10","2,019.10","2,102.20","1,949.60","1.45M","-1.79%"
"2023/04/01","2,018.30","2,007.50","2,080.80","1,984.50","117.36K","0.71%"
"2023/03/01","2,004.10","1,865.40","2,047.90","1,848.60","71.23K","8.14%"
"2023/02/01","1,853.20","1,959.70","1,992.10","1,827.60","111.60K","-5.55%"
"2023/01/01","1,962.20","1,847.20","1,966.60","1,846.10","1.02M","6.51%"
"2022/12/01","1,842.20","1,798.00","1,857.00","1,793.60","85.55K","3.78%"
"2022/11/01","1,775.10","1,649.90","1,806.00","1,632.40","983.80K","7.26%"
"2022/10/01","1,654.90","1,682.40","1,751.60","1,635.00","162.45K","-1.78%"
"2022/09/01","1,684.90","1,723.00","1,746.40","1,622.20","3.83M","-2.39%"
"2022/08/01","1,726.20","1,782.50","1,824.60","1,720.60","3.19M","-3.12%"
"2022/07/01","1,781.80","1,814.80","1,823.90","1,686.30","445.17K","-1.41%"
"2022/06/01","1,807.30","1,840.00","1,882.50","1,802.50","3.33M","-2.22%"
"2022/05/01","1,848.40","1,896.20","1,910.70","1,785.00","3.83M","-3.31%"
"2022/04/01","1,911.70","1,942.40","2,003.00","1,870.90","3.15M","-2.16%"
"2022/03/01","1,954.00","1,908.40","2,078.80","1,888.30","4.88M","2.80%"
"2022/02/01","1,900.70","1,798.90","1,976.50","1,788.50","3.90M","5.81%"
"2022/01/01","1,796.40","1,830.10","1,854.20","1,780.60","4.33M","-1.76%"
"2021/12/01","1,828.60","1,777.40","1,831.40","1,753.00","2.88M","2.93%"
"2021/11/01","1,776.50","1,785.30","1,879.50","1,758.50","4.73M","-0.41%"
"2021/10/01","1,783.90","1,757.20","1,815.50","1,745.40","3.92M","1.53%"
"2021/09/01","1,757.00","1,816.70","1,836.90","1,721.10","3.65M","-3.36%"
"2021/08/01","1,818.10","1,817.00","1,835.90","1,677.90","3.66M","0.05%"
"2021/07/01","1,817.20","1,770.80","1,837.50","1,765.90","4.37M","2.57%"
"2021/06/01","1,771.60","1,906.80","1,919.20","1,750.10","4.62M","-7.02%"
"2021/05/01","1,905.30","1,768.10","1,913.30","1,765.60","4.94M","7.78%"
"2021/04/01","1,767.70","1,709.00","1,798.40","1,706.40","3.43M","3.04%"
"2021/03/01","1,715.60","1,732.80","1,757.40","1,673.30","5.08M","-0.76%"
"2021/02/01","1,728.80","1,865.00","1,876.00","1,714.90","4.33M","-6.57%"
"2021/01/01","1,850.30","1,908.20","1,962.50","1,800.80","4.89M","-2.36%"
"2020/12/01","1,895.10","1,780.30","1,912.00","1,778.40","3.82M","6.41%"
"2020/11/01","1,780.90","1,877.00","1,966.10","1,767.20","4.94M","-5.27%"
"2020/10/01","1,879.90","1,891.20","1,939.40","1,859.20","4.42M","-0.82%"
"2020/09/01","1,895.50","1,973.70","2,001.20","1,851.00","5.92M","-4.20%"
"2020/08/01","1,978.60","1,997.40","2,089.20","1,874.20","7.18M","-0.37%"
"2020/07/01","1,985.90","1,798.90","2,005.40","1,766.30","5.81M","10.30%"
"2020/06/01","1,800.50","1,749.80","1,804.00","1,671.70","4.15M","2.79%"
"2020/05/01","1,751.70","1,693.50","1,775.80","1,676.00","4.06M","3.39%"
"2020/04/01","1,694.20","1,589.40","1,788.80","1,576.00","3.96M","6.11%"
"2020/03/01","1,596.60","1,592.80","1,704.30","1,450.90","8.47M","1.91%"
"2020/02/01","1,566.70","1,597.80","1,691.70","1,551.10","7.43M","-1.34%"
"2020/01/01","1,587.90","1,521.00","1,613.30","1,519.70","8.01M","4.25%"
"2019/12/01","1,523.10","1,470.30","1,529.00","1,459.80","5.07M","3.42%"
"2019/11/01","1,472.70","1,515.10","1,519.00","1,446.20","7.05M","-2.78%"
"2019/10/01","1,514.80","1,478.00","1,525.80","1,465.00","7.63M","2.84%"
"2019/09/01","1,472.90","1,535.20","1,566.20","1,470.50","8.16M","-3.69%"
"2019/08/01","1,529.40","1,425.60","1,565.00","1,412.10","9.04M","6.37%"
"2019/07/01","1,437.80","1,401.80","1,454.40","1,384.70","8.11M","1.70%"
"2019/06/01","1,413.70","1,312.50","1,442.90","1,310.90","7.03M","7.83%"
"2019/05/01","1,311.10","1,284.20","1,311.90","1,267.30","5.92M","1.98%"
"2019/04/01","1,285.70","1,295.90","1,314.70","1,267.90","4.90M","-0.99%"
"2019/03/01","1,298.50","1,315.90","1,324.50","1,280.80","5.44M","-1.34%"
"2019/02/01","1,316.10","1,323.00","1,349.80","1,304.70","3.67M","-0.69%"
"2019/01/01","1,325.20","1,285.00","1,331.10","1,275.30","5.00M","3.43%"
"2018/12/01","1,281.30","1,228.60","1,286.50","1,228.50","3.93M","4.51%"
"2018/11/01","1,226.00","1,216.60","1,239.30","1,196.60","5.14M","0.91%"
"2018/10/01","1,215.00","1,196.10","1,246.00","1,186.00","6.22M","1.57%"
"2018/09/01","1,196.20","1,207.00","1,218.00","1,184.30","5.24M","-0.87%"
"2018/08/01","1,206.70","1,232.70","1,233.70","1,167.10","6.04M","-2.18%"
"2018/07/01","1,233.60","1,253.40","1,266.90","1,210.70","5.84M","-1.67%"
"2018/06/01","1,254.50","1,303.00","1,313.00","1,246.90","5.48M","-3.85%"
"2018/05/01","1,304.70","1,316.00","1,326.30","1,281.20","7.34M","-1.10%"
"2018/04/01","1,319.20","1,330.70","1,369.40","1,310.70","6.38M","-0.61%"
"2018/03/01","1,327.30","1,319.30","1,356.80","1,303.60","6.27M","0.71%"
"2018/02/01","1,317.90","1,348.20","1,364.40","1,309.00","5.75M","-1.88%"
"2018/01/01","1,343.10","1,305.30","1,365.40","1,304.60","7.55M","2.58%"
"2017/12/01","1,309.30","1,277.90","1,309.80","1,238.30","4.98M","2.55%"
"2017/11/01","1,276.70","1,271.80","1,300.40","1,265.90","7.44M","0.49%"
"2017/10/01","1,270.50","1,282.20","1,308.40","1,262.80","6.43M","-1.11%"
"2017/09/01","1,284.80","1,326.90","1,362.40","1,278.20","6.62M","-2.83%"
"2017/08/01","1,322.20","1,275.60","1,331.90","1,257.10","6.55M","3.83%"
"2017/07/01","1,273.40","1,241.70","1,277.30","1,204.00","4.85M","2.50%"
"2017/06/01","1,242.30","1,271.60","1,298.80","1,236.50","4.67M","-2.60%"
"2017/05/01","1,275.40","1,269.60","1,276.80","1,214.30","5.37M","0.56%"
"2017/04/01","1,268.30","1,251.90","1,297.40","1,245.40","4.43M","1.37%"
"2017/03/01","1,251.20","1,248.50","1,261.00","1,194.50","5.08M","-0.22%"
"2017/02/01","1,253.90","1,212.20","1,264.90","1,199.70","4.17M","3.51%"
"2017/01/01","1,211.40","1,151.40","1,220.10","1,146.50","4.85M","5.18%"
"2016/12/01","1,151.70","1,175.10","1,190.20","1,124.30","3.30M","-1.89%"
"2016/11/01","1,173.90","1,277.80","1,338.30","1,170.30","5.98M","-7.79%"
"2016/10/01","1,273.10","1,321.00","1,322.60","1,243.20","3.49M","-3.34%"
"2016/09/01","1,317.10","1,311.70","1,357.60","1,305.50","3.66M","0.43%"
"2016/08/01","1,311.40","1,357.20","1,374.20","1,306.90","3.98M","-3.40%"
"2016/07/01","1,357.50","1,324.80","1,377.50","1,310.70","4.61M","2.79%"
"2016/06/01","1,320.60","1,217.90","1,362.60","1,208.20","4.54M","8.47%"
"2016/05/01","1,217.50","1,293.20","1,306.00","1,201.50","4.63M","-5.66%"
"2016/04/01","1,290.50","1,234.10","1,299.00","1,210.30","3.66M","4.44%"
"2016/03/01","1,235.60","1,238.90","1,287.80","1,206.00","4.59M","0.10%"
"2016/02/01","1,234.40","1,118.00","1,263.90","1,115.30","4.08M","10.57%"
"2016/01/01","1,116.40","1,061.50","1,128.00","1,061.00","3.23M","5.30%"
"2015/12/01","1,060.20","1,064.60","1,088.30","1,045.40","2.56M","-0.48%"
"2015/11/01","1,065.30","1,141.30","1,142.70","1,051.60","3.17M","-6.67%"
"2015/10/01","1,141.40","1,114.50","1,191.70","1,103.80","2.91M","2.35%"
"2015/09/01","1,115.20","1,133.80","1,156.40","1,097.70","2.67M","-1.53%"
"2015/08/01","1,132.50","1,095.10","1,169.80","1,080.20","3.18M","3.42%"
"2015/07/01","1,095.10","1,172.40","1,174.40","1,072.30","3.60M","-6.55%"
"2015/06/01","1,171.80","1,189.80","1,205.70","1,162.10","2.70M","-1.51%"
"2015/05/01","1,189.80","1,183.70","1,232.00","1,168.40","2.95M","0.63%"
"2015/04/01","1,182.40","1,183.20","1,224.50","1,174.10","2.87M","-0.07%"
"2015/03/01","1,183.20","1,213.80","1,223.00","1,141.60","3.42M","-2.46%"
"2015/02/01","1,213.10","1,283.00","1,286.50","1,190.00","2.39M","-5.17%"
"2015/01/01","1,279.20","1,184.00","1,307.80","1,167.30","3.64M","8.03%"
"2014/12/01","1,184.10","1,159.40","1,239.00","1,141.70","3.10M","0.73%"
"2014/11/01","1,175.50","1,171.10","1,207.60","1,130.40","3.77M","0.33%"
"2014/10/01","1,171.60","1,209.40","1,255.60","1,160.50","3.49M","-3.30%"
"2014/09/01","1,211.60","1,288.50","1,290.90","1,204.30","2.97M","-5.89%"
"2014/08/01","1,287.40","1,284.20","1,324.30","1,273.40","2.19M","0.36%"
"2014/07/01","1,282.80","1,327.50","1,346.80","1,281.30","3.07M","-2.97%"
"2014/06/01","1,322.00","1,250.50","1,330.40","1,240.20","2.38M","6.10%"
"2014/05/01","1,246.00","1,291.90","1,315.80","1,242.20","2.88M","-3.85%"
"2014/04/01","1,295.90","1,284.60","1,331.40","1,268.40","2.49M","0.94%"
"2014/03/01","1,283.80","1,332.40","1,392.60","1,282.70","3.37M","-2.86%"
"2014/02/01","1,321.60","1,242.00","1,345.60","1,240.40","2.40M","6.60%"
"2014/01/01","1,239.80","1,204.50","1,279.80","1,202.50","2.93M","3.12%"
"2013/12/01","1,202.30","1,250.60","1,267.50","1,181.40","2.62M","-3.85%"
"2013/11/01","1,250.40","1,323.10","1,327.30","1,225.70","2.76M","-5.54%"
"2013/10/01","1,323.70","1,328.20","1,361.80","1,251.00","3.28M","-0.25%"
"2013/09/01","1,327.00","1,394.00","1,416.40","1,291.50","3.11M","-4.95%"
"2013/08/01","1,396.10","1,323.40","1,434.00","1,271.80","3.22M","6.33%"
"2013/07/01","1,313.00","1,232.90","1,348.70","1,206.90","3.68M","7.30%"
"2013/06/01","1,223.70","1,388.80","1,423.30","1,179.40","3.49M","-12.15%"
"2013/05/01","1,393.00","1,475.60","1,487.20","1,336.30","4.33M","-5.37%"
"2013/04/01","1,472.10","1,598.10","1,604.30","1,321.50","4.83M","-7.75%"
"2013/03/01","1,595.70","1,578.50","1,616.50","1,560.40","2.94M","1.12%"
"2013/02/01","1,578.10","1,665.20","1,687.00","1,554.30","3.31M","-5.05%"
"2013/01/01","1,662.00","1,676.40","1,697.80","1,626.00","3.34M","-0.82%"
"2012/12/01","1,675.80","1,715.50","1,725.00","1,636.00","2.45M","-2.15%"
"2012/11/01","1,712.70","1,720.40","1,755.00","1,672.50","3.45M","-0.37%"
"2012/10/01","1,719.10","1,773.70","1,798.10","1,698.70","2.93M","-3.09%"
"2012/09/01","1,773.90","1,693.40","1,790.00","1,687.60","3.16M","5.11%"
"2012/08/01","1,687.60","1,617.50","1,695.50","1,586.30","2.56M","4.52%"
"2012/07/01","1,614.60","1,599.60","1,633.30","1,554.40","2.93M","0.65%"
"2012/06/01","1,604.20","1,561.80","1,642.40","1,545.50","3.27M","2.56%"
"2012/05/01","1,564.20","1,666.10","1,672.30","1,526.70","3.94M","-6.01%"
"2012/04/01","1,664.20","1,671.50","1,685.40","1,613.00","2.58M","-0.46%"
"2012/03/01","1,671.90","1,695.60","1,727.30","1,627.50","3.87M","-2.30%"
"2012/02/01","1,711.30","1,739.80","1,792.70","1,688.40","3.23M","-1.67%"
"2012/01/01","1,740.40","1,571.00","1,750.60","1,566.80","3.16M","11.08%"
"2011/12/01","1,566.80","1,752.50","1,767.10","1,523.90","2.69M","-10.48%"
"2011/11/01","1,750.30","1,715.70","1,804.40","1,667.10","3.30M","1.45%"
"2011/10/01","1,725.20","1,625.10","1,754.00","1,596.60","2.86M","6.34%"
"2011/09/01","1,622.30","1,826.20","1,923.70","1,535.00","4.91M","-11.43%"
"2011/08/01","1,831.70","1,622.20","1,917.90","1,608.20","5.78M","12.29%"
"2011/07/01","1,631.20","1,501.50","1,637.50","1,478.30","3.35M","8.54%"
"2011/06/01","1,502.80","1,536.60","1,559.30","1,490.80","2.86M","-2.21%"
"2011/05/01","1,536.80","1,566.80","1,577.40","1,462.50","4.03M","-1.26%"
"2011/04/01","1,556.40","1,433.80","1,569.80","1,413.50","2.91M","8.09%"
"2011/03/01","1,439.90","1,411.60","1,448.60","1,380.70","3.60M","2.13%"
"2011/02/01","1,409.90","1,334.00","1,418.80","1,325.40","2.52M","5.65%"
"2011/01/01","1,334.50","1,420.40","1,424.40","1,309.10","3.65M","-6.11%"
"2010/12/01","1,421.40","1,387.70","1,432.50","1,361.60","2.63M","2.55%"
"2010/11/01","1,386.10","1,359.70","1,424.30","1,325.50","4.35M","2.10%"
"2010/10/01","1,357.60","1,309.60","1,388.10","1,307.30","3.43M","3.67%"
"2010/09/01","1,309.60","1,250.30","1,317.50","1,237.90","2.42M","4.74%"
"2010/08/01","1,250.30","1,183.80","1,251.80","1,176.70","1.96M","5.61%"
"2010/07/01","1,183.90","1,243.00","1,244.80","1,155.60","3.00M","-4.98%"
"2010/06/01","1,245.90","1,216.70","1,266.50","1,198.10","2.66M","2.54%"
"2010/05/01","1,215.00","1,181.00","1,249.70","1,156.20","3.78M","2.91%"
"2010/04/01","1,180.70","1,114.60","1,182.50","1,112.30","2.73M","5.94%"
"2010/03/01","1,114.50","1,119.00","1,145.80","1,084.80","3.47M","-0.39%"
"2010/02/01","1,118.90","1,081.90","1,131.50","1,044.50","3.36M","3.24%"
"2010/01/01","1,083.80","1,099.00","1,163.00","1,074.40","3.65M","-1.13%"
"2009/12/01","1,096.20","1,181.40","1,227.50","1,075.20","3.77M","-7.28%"
"2009/11/01","1,182.30","1,043.40","1,196.80","1,042.20","3.58M","13.64%"
"2009/10/01","1,040.40","1,008.30","1,072.00","987.00","3.02M","3.08%"
"2009/09/01","1,009.30","952.00","1,025.80","947.50","2.60M","5.85%"
"2009/08/01","953.50","954.50","974.30","931.30","1.62M","-0.24%"
"2009/07/01","955.80","926.10","960.00","904.80","2.11M","3.06%"
"2009/06/01","927.40","981.00","992.10","913.20","2.09M","-5.40%"
"2009/05/01","980.30","888.90","982.00","880.50","2.05M","10.00%"
"2009/04/01","891.20","920.00","935.80","865.00","1.65M","-3.65%"
"2009/03/01","925.00","940.30","967.80","882.70","2.64M","-1.86%"
"2009/02/01","942.50","924.60","1,007.70","890.30","2.25M","1.52%"
"2009/01/01","928.40","883.00","931.30","801.50","2.42M","4.99%"
"2008/12/01","884.30","819.00","892.00","741.20","1.77M","7.97%"
"2008/11/01","819.00","727.00","833.50","698.20","2.25M","14.04%"
"2008/10/01","718.20","876.90","936.30","681.00","2.85M","-18.46%"
"2008/09/01","880.80","842.20","932.00","739.80","3.80M","5.46%"
"2008/08/01","835.20","922.90","926.00","777.70","2.77M","-9.48%"
"2008/07/01","922.70","928.00","989.60","902.70","3.53M","-0.60%"
"2008/06/01","928.30","891.30","937.70","859.60","2.47M","4.13%"
"2008/05/01","891.50","879.00","935.40","846.40","2.77M","3.05%"
"2008/04/01","865.10","920.50","956.20","864.10","2.56M","-6.12%"
"2008/03/01","921.50","975.60","1,033.90","904.70","3.19M","-5.49%"
"2008/02/01","975.00","929.80","978.50","888.40","2.41M","5.06%"
"2008/01/01","928.00","837.50","942.20","837.50","3.12M","10.74%"
"2007/12/01","838.00","789.40","847.40","783.00","1.53M","6.20%"
"2007/11/01","789.10","799.40","848.00","773.40","3.11M","-0.78%"
"2007/10/01","795.30","750.60","800.80","726.30","2.34M","6.04%"
"2007/09/01","750.00","681.90","752.80","680.10","1.88M","9.99%"
"2007/08/01","681.90","675.30","688.10","651.60","1.52M","0.38%"
"2007/07/01","679.30","651.60","688.40","646.70","1.74M","4.36%"
"2007/06/01","650.90","666.50","679.50","641.10","1.40M","-2.37%"
"2007/05/01","666.70","681.20","693.30","651.50","1.75M","-2.46%"
"2007/04/01","683.50","671.10","698.00","661.70","1.30M","2.17%"
"2007/03/01","669.00","672.80","680.20","634.50","1.62M","-0.52%"
"2007/02/01","672.50","658.50","692.50","648.00","1.41M","2.22%"
"2007/01/01","657.90","639.20","660.70","603.00","1.48M","3.12%"
"2006/12/01","638.00","655.00","655.80","615.00","758.89K","-2.28%"
"2006/11/01","652.90","607.50","654.50","607.50","921.26K","7.60%"
"2006/10/01","606.80","606.20","613.20","563.00","739.09K","0.43%"
"2006/09/01","604.20","633.60","648.70","576.50","791.58K","-4.73%"
"2006/08/01","634.20","646.50","668.20","615.50","740.73K","-1.95%"
"2006/07/01","646.80","627.00","677.50","602.50","998.44K","5.00%"
"2006/06/01","616.00","649.80","651.30","546.40","1.05M","-5.08%"
"2006/05/01","649.00","656.80","732.00","636.50","1.65M","-0.84%"
"2006/04/01","654.50","587.80","658.20","586.30","1.16M","11.56%"
"2006/03/01","586.70","563.10","594.60","534.50","1.56M","4.04%"
"2006/02/01","563.90","575.10","579.50","537.80","1.08M","-2.02%"
"2006/01/01","575.50","519.90","577.30","517.60","1.51M","10.74%"
"2005/12/01","519.70","498.00","544.50","492.20","1.06M","4.21%"
"2005/11/01","498.70","466.50","506.70","456.10","1.36M","6.81%"
"2005/10/01","466.90","471.50","483.10","462.00","1.10M","-1.14%"
"2005/09/01","472.30","438.40","479.00","438.30","1.29M","7.81%"
"2005/08/01","438.10","435.40","455.30","433.50","1.16M","0.53%"
"2005/07/01","435.80","436.50","438.20","418.20","1.08M","-0.30%"
"2005/06/01","437.10","418.70","445.40","416.70","1.17M","4.34%"
"2005/05/01","418.90","435.70","436.00","415.80","1.09M","-3.94%"
"2005/04/01","436.10","431.10","439.10","423.50","818.81K","1.16%"
"2005/03/01","431.10","437.50","448.00","423.40","1.18M","-1.49%"
"2005/02/01","437.60","424.30","439.30","411.50","825.16K","3.18%"
"2005/01/01","424.10","438.90","438.90","417.20","1.15M","-3.26%"
"2004/12/01","438.40","453.40","458.70","432.90","981.97K","-3.27%"
"2004/11/01","453.20","430.50","457.00","418.00","1.37M","5.54%"
"2004/10/01","429.40","420.40","432.00","410.50","1.01M","2.14%"
"2004/09/01","420.40","412.10","420.80","396.90","881.01K","1.94%"
"2004/08/01","412.40","395.00","416.80","391.20","878.66K","4.75%"
"2004/07/01","393.70","393.30","409.60","385.50","1.09M","0.18%"
"2004/06/01","393.00","396.00","405.60","382.50","865.19K","-0.48%"
"2004/05/01","394.90","388.90","398.00","371.30","986.07K","1.91%"
"2004/04/01","387.50","427.50","433.00","377.00","1.12M","-9.53%"
"2004/03/01","428.30","397.50","428.50","388.20","1.22M","7.94%"
"2004/02/01","396.80","403.10","418.00","391.00","857.40K","-1.51%"
"2004/01/01","402.90","416.80","431.50","397.50","1.20M","-3.17%"
"2003/12/01","416.10","398.90","418.40","397.80","710.09K","4.86%"
"2003/11/01","396.80","384.70","402.00","376.50","996.72K","3.17%"
"2003/10/01","384.60","385.90","393.00","366.50","1.01M","-0.39%"
"2003/09/01","386.10","376.80","394.80","370.70","911.76K","2.47%"
"2003/08/01","376.80","356.00","379.00","346.00","741.88K","5.90%"
"2003/07/01","355.80","346.40","367.70","340.60","832.40K","2.74%"
"2003/06/01","346.30","364.00","370.50","343.30","758.31K","-5.28%"
"2003/05/01","365.60","339.20","374.90","338.50","849.28K","7.72%"
"2003/04/01","339.40","335.70","340.40","319.80","615.89K","0.74%"
"2003/03/01","336.90","349.80","358.80","325.80","757.50K","-3.83%"
"2003/02/01","350.30","368.90","390.80","342.40","844.34K","-5.09%"
"2003/01/01","369.10","347.60","373.70","342.80","845.17K","6.00%"
"2002/12/01","348.20","319.10","355.70","316.60","704.46K","9.91%"
"2002/11/01","316.80","318.30","325.40","316.50","558.88K","-0.50%"
"2002/10/01","318.40","324.30","325.50","309.10","645.19K","-2.09%"
"2002/09/01","325.20","313.80","329.30","312.60","585.81K","3.60%"
"2002/08/01","313.90","305.20","319.70","300.30","528.50K","2.85%"
"2002/07/01","305.20","314.50","326.10","300.50","707.86K","-2.77%"
"2002/06/01","313.90","327.50","331.50","310.50","637.19K","-4.15%"
"2002/05/01","327.50","309.10","330.20","306.50","777.47K","5.92%"
"2002/04/01","309.20","304.00","312.90","298.00","534.75K","1.81%"
"2002/03/01","303.70","297.40","305.80","288.30","459.26K","2.22%"
"2002/02/01","297.10","283.00","309.40","282.40","562.30K","5.02%"
"2002/01/01","282.90","279.50","289.90","277.20","537.17K","1.40%"
"2001/12/01","279.00","275.20","281.40","271.70","321.84K","1.49%"
"2001/11/01","274.90","280.50","282.50","271.90","396.69K","-2.00%"
"2001/10/01","280.50","293.70","295.90","275.50","447.68K","-4.59%"
"2001/09/01","294.00","276.10","300.00","272.70","289.49K","6.33%"
"2001/08/01","276.50","269.20","283.80","268.40","509.51K","2.71%"
"2001/07/01","269.20","271.50","272.10","264.80","433.88K","-0.77%"
"2001/06/01","271.30","266.80","279.80","265.50","437.15K","1.65%"
"2001/05/01","266.90","264.30","298.60","264.10","688.58K","0.95%"
"2001/04/01","264.40","259.10","267.50","255.80","334.98K","2.01%"
"2001/03/01","259.20","267.70","274.70","258.00","549.34K","-3.21%"
"2001/02/01","267.80","267.80","270.90","255.10","400.27K","-0.07%"
"2001/01/01","268.00","273.80","275.00","262.00","488.25K","-2.05%"
"2000/12/01","273.60","273.20","278.50","270.30","343.61K","0.11%"
"2000/11/01","273.30","266.50","273.50","264.50","689.58K","2.59%"
"2000/10/01","266.40","277.30","279.90","263.50","409.41K","-3.79%"
"2000/09/01","276.90","281.90","282.50","271.70","387.21K","-1.84%"
"2000/08/01","282.10","283.40","285.00","275.30","343.57K","-0.39%"
"2000/07/01","283.20","289.70","289.70","277.70","369.66K","-2.85%"
"2000/06/01","291.50","275.40","296.50","274.80","591.35K","6.08%"
"2000/05/01","274.80","274.80","284.00","269.50","475.19K","0.04%"
"2000/04/01","274.70","281.50","291.50","274.00","332.99K","-2.38%"
"2000/03/01","281.40","294.20","296.20","274.80","550.89K","-4.35%"
"2000/02/01","294.20","286.00","326.90","285.00","742.60K","2.80%"
"2000/01/01","286.20","289.50","291.80","280.00","414.02K","-1.17%"
"1999/12/01","289.60","293.00","294.00","276.20","412.23K","-1.16%"
"1999/11/01","293.00","299.70","300.40","288.00","372.59K","-2.43%"
"1999/10/01","300.30","299.10","339.00","287.60","807.28K","0.27%"
"1999/09/01","299.50","257.50","329.00","254.80","987.93K","16.40%"
"1999/08/01","257.30","258.80","264.70","253.80","628.99K","-0.58%"
"1999/07/01","258.80","263.50","264.70","253.20","651.84K","-1.82%"
"1999/06/01","263.60","271.50","272.00","258.50","529.11K","-3.09%"
"1999/05/01","272.00","287.90","291.20","267.90","755.60K","-5.49%"
"1999/04/01","287.80","281.90","289.00","279.10","522.57K","2.09%"
"1999/03/01","281.90","288.00","296.50","278.50","808.88K","-2.22%"
"1999/02/01","288.30","288.50","292.60","285.00","463.83K","0.03%"
"1999/01/01","288.20","289.60","294.30","282.50","610.54K","-0.35%"
"1998/12/01","289.20","295.00","299.50","286.50","474.88K","-2.00%"
"1998/11/01","295.10","294.00","299.10","288.70","485.99K","0.48%"
"1998/10/01","293.70","299.10","306.90","292.00","667.95K","-1.77%"
"1998/09/01","299.00","279.30","302.20","279.30","803.93K","7.21%"
"1998/08/01","278.90","291.00","294.80","273.80","614.54K","-3.99%"
"1998/07/01","290.50","297.80","299.70","289.10","538.02K","-2.55%"
"1998/06/01","298.10","295.40","301.60","285.60","655.72K","1.02%"
"1998/05/01","295.10","308.00","308.50","290.60","630.04K","-4.16%"
"1998/04/01","307.90","303.30","317.00","301.20","669.23K","1.52%"
"1998/03/01","303.30","300.00","306.80","287.30","609.14K","1.07%"
"1998/02/01","300.10","304.60","310.00","291.80","487.86K","-1.48%"
"1998/01/01","304.60","289.40","309.00","277.50","793.75K","5.07%"
"1997/12/01","289.90","298.50","299.10","283.30","509.44K","-2.36%"
"1997/11/01","296.90","312.10","316.90","295.10","534.30K","-4.87%"
"1997/10/01","312.10","336.60","342.10","308.00","847.16K","-7.36%"
"1997/09/01","336.90","327.00","337.90","321.00","701.88K","2.90%"
"1997/08/01","327.40","328.90","333.40","321.00","614.84K","-0.37%"
"1997/07/01","328.60","334.90","335.80","314.60","812.87K","-2.00%"
"1997/06/01","335.30","347.30","347.60","334.60","490.26K","-3.51%"
"1997/05/01","347.50","341.10","352.20","340.40","560.70K","1.85%"
"1997/04/01","341.20","354.30","355.10","339.50","460.53K","-3.62%"
"1997/03/01","354.00","365.10","366.00","346.30","613.91K","-3.04%"
"1997/02/01","365.10","346.30","365.50","338.50","761.35K","5.52%"
"1997/01/01","346.00","369.20","369.40","345.40","786.32K","-6.28%"
"1996/12/01","369.20","373.90","376.10","367.70","404.43K","-1.02%"
"1996/11/01","373.00","378.80","385.80","372.50","500.00K","-1.61%"
"1996/10/01","379.10","380.80","386.50","378.50","451.16K","-0.37%"
"1996/09/01","380.50","391.50","391.50","380.10","480.84K","-2.76%"
"1996/08/01","391.30","392.90","396.20","390.00","376.14K","-0.46%"
"1996/07/01","393.10","382.30","393.30","381.50","547.65K","3.01%"
"1996/06/01","381.60","394.30","394.30","381.50","508.21K","-3.25%"
"1996/05/01","394.40","393.50","398.00","389.80","582.68K","0.23%"
"1996/04/01","393.50","398.10","401.00","391.50","603.51K","-1.23%"
"1996/03/01","398.40","401.10","402.50","392.30","640.24K","-0.70%"
"1996/02/01","401.20","409.20","419.60","397.50","842.43K","-1.79%"
"1996/01/01","408.50","392.00","410.40","388.00","985.65K","5.26%"
"1995/12/01","388.10","387.60","392.40","386.70","359.01K","-0.13%"
"1995/11/01","388.60","384.10","391.50","381.50","641.95K","1.12%"
"1995/10/01","384.30","385.90","388.70","382.60","321.70K","-0.57%"
"1995/09/01","386.50","386.40","390.60","383.10","435.57K","-0.10%"
"1995/08/01","386.90","388.20","396.00","385.40","455.58K","-0.39%"
"1995/07/01","388.40","385.20","396.30","383.00","454.52K","0.73%"
"1995/06/01","385.60","386.60","395.00","384.20","499.00K","-0.52%"
"1995/05/01","387.60","389.90","393.90","381.50","582.90K","-0.23%"
"1995/04/01","388.50","395.20","400.80","387.30","536.92K","-1.47%"
"1995/03/01","394.30","377.40","402.00","374.50","778.14K","4.23%"
"1995/02/01","378.30","378.70","382.40","376.30","383.30K","0.16%"
"1995/01/01","377.70","382.40","386.00","372.00","646.28K","-1.74%"
"1994/12/01","384.40","383.70","386.80","377.70","377.24K","-0.03%"
"1994/11/01","384.50","384.70","387.90","382.40","483.73K","-0.10%"
"1994/10/01","384.90","396.20","399.80","383.70","591.46K","-3.19%"
"1994/09/01","397.60","390.50","401.90","389.90","595.28K","1.74%"
"1994/08/01","390.80","390.10","394.00","380.20","572.65K","0.41%"
"1994/07/01","389.20","386.80","394.10","382.00","533.60K","0.49%"
"1994/06/01","387.30","390.40","397.90","380.40","652.33K","-0.69%"
"1994/05/01","390.00","377.70","391.40","373.10","725.46K","3.23%"
"1994/04/01","377.80","394.70","395.80","369.50","529.48K","-4.18%"
"1994/03/01","394.30","381.80","396.50","374.00","641.89K","3.08%"
"1994/02/01","382.50","383.60","392.30","375.70","530.88K","-0.29%"
"1994/01/01","383.60","391.90","397.80","377.20","706.74K","-2.12%"
"1993/12/01","391.90","371.40","393.90","370.40","471.97K","5.38%"
"1993/11/01","371.90","368.60","381.20","360.70","666.68K","0.62%"
"1993/10/01","369.60","356.40","376.70","350.00","579.52K","3.50%"
"1993/09/01","357.10","374.40","375.00","343.00","652.41K","-4.95%"
"1993/08/01","375.70","410.40","414.00","367.00","713.86K","-8.66%"
"1993/07/01","411.30","378.90","411.70","378.10","845.95K","8.47%"
"1993/06/01","379.20","379.70","381.00","361.70","727.87K","-0.29%"
"1993/05/01","380.30","358.80","386.50","354.30","786.10K","6.47%"
"1993/04/01","357.20","338.60","358.50","336.00","600.56K","5.28%"
"1993/03/01","339.30","329.50","341.70","325.80","443.43K","3.10%"
"1993/02/01","329.10","330.20","334.60","327.80","358.35K","-0.48%"
"1993/01/01","330.70","329.10","333.00","326.30","325.22K","-0.72%"
"1992/12/01","333.10","335.80","340.10","332.00","21.93K","-0.72%"
"1992/11/01","335.50","339.90","340.80","328.90","","-1.35%"
"1992/10/01","340.10","348.90","353.40","336.90","","-2.66%"
"1992/09/01","349.40","345.50","354.50","340.30","","1.19%"
"1992/08/01","345.30","360.50","360.60","335.00","","-4.45%"
"1992/07/01","361.40","345.10","362.00","344.30","","4.94%"
"1992/06/01","344.40","338.70","346.90","338.20","","1.77%"
"1992/05/01","338.40","338.10","341.70","335.10","","0.15%"
"1992/04/01","337.90","346.00","346.90","334.90","","-2.20%"
"1992/03/01","345.50","351.30","353.00","336.30","","-2.43%"
"1992/02/01","354.10","359.50","360.50","349.40","","-1.34%"
"1992/01/01","358.90","351.20","361.50","348.50","","1.41%"
"1991/12/01","353.90","371.60","374.90","352.30","","-4.63%"
"1991/11/01","371.10","359.50","371.20","353.60","","3.23%"
"1991/10/01","359.50","357.10","367.40","356.70","","0.62%"
"1991/09/01","357.30","351.30","359.50","346.00","","1.25%"
"1991/08/01","352.90","370.70","370.90","350.10","","-4.83%"
"1991/07/01","370.80","370.20","373.20","362.30","","0.22%"
"1991/06/01","370.00","366.80","377.90","361.50","","1.43%"
"1991/05/01","364.80","358.60","367.70","354.60","","1.98%"
"1991/04/01","357.70","359.10","368.20","352.60","","-0.47%"
"1991/03/01","359.40","368.50","372.80","354.50","","-2.60%"
"1991/02/01","369.00","371.50","373.70","357.00","","0.14%"
"1991/01/01","368.50","395.10","406.90","367.80","","-6.99%"
"1990/12/01","396.20","384.90","396.50","369.10","","2.72%"
"1990/11/01","385.70","383.00","393.30","376.00","","1.15%"
"1990/10/01","381.30","402.90","404.00","361.50","","-6.57%"
"1990/09/01","408.10","390.10","414.30","381.60","","4.86%"
"1990/08/01","389.20","379.30","425.00","379.20","","2.64%"
"1990/07/01","379.20","359.50","382.20","352.00","","5.36%"
"1990/06/01","359.90","367.50","368.90","348.20","","-2.36%"
"1990/05/01","368.60","372.40","377.60","361.00","","-0.75%"
"1990/04/01","371.40","372.30","385.40","367.70","","-0.96%"
"1990/03/01","375.00","409.30","410.40","362.50","","-8.29%"
"1990/02/01","408.90","418.80","430.30","407.50","","-2.13%"
"1990/01/01","417.80","401.00","427.00","394.50","","3.11%"
"1989/12/01","405.20","418.20","424.20","400.10","","-2.95%"
"1989/11/01","417.50","377.70","419.70","375.70","","10.57%"
"1989/10/01","377.60","371.20","382.30","364.30","","1.51%"
"1989/09/01","372.00","365.70","376.70","360.60","","1.81%"
"1989/08/01","365.40","378.50","382.50","364.60","","-3.51%"
"1989/07/01","378.70","379.50","390.80","369.00","","0.37%"
"1989/06/01","377.30","366.30","384.80","360.50","","2.95%"
"1989/05/01","366.50","377.80","383.00","360.60","","-3.68%"
"1989/04/01","380.50","390.30","396.90","379.60","","-2.44%"
"1989/03/01","390.00","388.20","400.20","381.80","","-0.10%"
"1989/02/01","390.40","396.00","401.20","382.00","","-1.36%"
"1989/01/01","395.80","416.10","416.30","393.10","","-4.00%"
"1988/12/01","412.30","429.80","438.00","409.50","","-4.03%"
"1988/11/01","429.60","413.70","429.80","412.60","","3.49%"
"1988/10/01","415.10","398.80","419.00","398.10","","3.98%"
"1988/09/01","399.20","439.00","439.70","395.50","","-9.25%"
"1988/08/01","439.90","447.60","448.60","433.00","","-1.65%"
"1988/07/01","447.30","438.50","449.30","424.00","","2.19%"
"1988/06/01","437.70","461.60","473.80","432.30","","-4.81%"
"1988/05/01","459.80","449.50","463.00","443.60","","1.59%"
"1988/04/01","452.60","461.50","464.00","448.20","","-1.16%"
"1988/03/01","457.90","430.50","463.20","425.90","","6.02%"
"1988/02/01","431.90","458.50","461.90","425.10","","-5.80%"
"1988/01/01","458.50","484.00","488.50","454.00","","-6.22%"
"1987/12/01","488.90","493.50","507.40","475.00","","-1.67%"
"1987/11/01","497.20","472.30","503.00","456.00","","5.52%"
"1987/10/01","471.20","459.80","496.00","457.90","","2.70%"
"1987/09/01","458.80","462.00","474.80","458.00","","0.02%"
"1987/08/01","458.70","486.00","490.20","456.90","","-3.45%"
"1987/07/01","475.10","451.50","475.70","442.50","","5.06%"
"1987/06/01","452.20","449.50","468.80","437.60","","-0.83%"
"1987/05/01","456.00","455.50","481.50","445.50","","-0.11%"
"1987/04/01","456.50","422.50","480.50","418.50","","8.00%"
"1987/03/01","422.70","406.60","429.90","403.00","","3.76%"
"1987/02/01","407.40","409.70","412.00","391.40","","-0.37%"
"1987/01/01","408.90","406.50","425.00","399.00","","0.49%"
"1986/12/01","406.90","402.00","408.00","386.50","","3.06%"
"1986/11/01","394.80","405.00","413.80","376.50","","-2.64%"
"1986/10/01","405.50","430.30","446.50","400.00","","-5.65%"
"1986/09/01","429.80","399.00","446.00","397.10","","9.28%"
"1986/08/01","393.30","367.00","404.50","364.00","","6.38%"
"1986/07/01","369.70","348.20","371.30","343.30","","6.33%"
"1986/06/01","347.70","346.20","355.00","336.50","","0.17%"
"1986/05/01","347.10","348.00","348.80","337.70","","-0.29%"
"1986/04/01","348.10","336.00","352.50","330.80","","3.97%"
"1986/03/01","334.80","340.50","359.60","334.00","","-1.82%"
"1986/02/01","341.00","351.00","357.50","331.70","","-3.37%"
"1986/01/01","352.90","329.80","369.50","328.00","","6.58%"
"1985/12/01","331.10","327.80","332.40","315.50","","1.16%"
"1985/11/01","327.30","325.70","333.40","322.10","","0.18%"
"1985/10/01","326.70","326.00","335.70","324.90","","-0.12%"
"1985/09/01","327.10","335.00","336.50","318.20","","-3.74%"
"1985/08/01","339.80","332.50","350.20","326.50","","1.37%"
"1985/07/01","335.20","317.10","337.50","308.30","","5.51%"
"1985/06/01","317.70","320.10","331.30","312.50","","-0.56%"
"1985/05/01","319.50","317.30","329.80","308.60","","0.95%"
"1985/04/01","316.50","324.50","338.60","315.00","","-5.27%"
"1985/03/01","334.10","288.70","337.20","287.00","","15.73%"
"1985/02/01","288.70","306.00","308.50","282.60","","-6.08%"
"1985/01/01","307.40","307.00","311.00","296.70","","-0.74%"
"1984/12/01","309.70","332.50","337.00","306.60","","-7.14%"
"1984/11/01","333.50","335.70","353.50","325.00","","-0.74%"
"1984/10/01","336.00","352.00","355.80","333.50","","-4.36%"
"1984/09/01","351.30","350.00","356.50","341.60","","-1.87%"
"1984/08/01","358.00","350.50","369.00","349.00","","2.20%"
"1984/07/01","350.30","373.00","374.30","333.00","","-6.86%"
"1984/06/01","376.10","399.30","405.30","370.00","","-4.45%"
"1984/05/01","393.60","379.80","395.50","370.00","","3.69%"
"1984/04/01","379.60","394.50","395.00","377.80","","-3.73%"
"1984/03/01","394.30","398.20","410.50","385.50","","-1.15%"
"1984/02/01","398.90","384.00","406.00","379.10","","5.20%"
"1984/01/01","379.20","385.50","386.40","362.50","","-2.27%"
"1983/12/01","388.00","405.00","410.00","375.50","","-5.13%"
"1983/11/01","409.00","377.80","414.00","373.00","","7.97%"
"1983/10/01","378.80","396.00","408.80","378.00","","-7.11%"
"1983/09/01","407.80","426.30","429.00","401.00","","-4.00%"
"1983/08/01","424.80","427.00","441.00","418.50","","-0.61%"
"1983/07/01","427.40","419.50","441.60","409.50","","2.13%"
"1983/06/01","418.50","420.00","428.30","401.00","","0.00%"
"1983/05/01","418.50","430.70","452.50","417.80","","-3.46%"
"1983/04/01","433.50","422.50","450.80","422.50","","2.73%"
"1983/03/01","422.00","416.00","442.00","406.50","","-0.40%"
"1983/02/01","423.70","517.50","520.00","423.70","","-18.24%"
"1983/01/01","518.20","455.00","519.00","449.50","","14.39%"
"1982/12/01","453.00","446.00","468.80","435.00","","0.89%"
"1982/11/01","449.00","431.00","449.50","398.00","","6.15%"
"1982/10/01","423.00","408.50","465.00","390.00","","4.50%"
"1982/09/01","404.80","413.50","509.00","396.00","","-3.27%"
"1982/08/01","418.50","364.50","441.00","340.20","","17.72%"
"1982/07/01","355.50","314.00","369.70","308.30","","11.86%"
"1982/06/01","317.80","325.50","343.00","297.50","","-3.40%"
"1982/05/01","329.00","351.00","351.00","322.90","","-5.05%"
"1982/04/01","346.50","334.50","377.50","328.80","","3.68%"
"1982/03/01","334.20","362.50","366.50","312.50","","-8.31%"
"1982/02/01","364.50","387.00","394.40","362.70","","-6.97%"
"1982/01/01","391.80","399.00","411.00","369.00","","-2.73%"
"1981/12/01","402.80","407.00","437.00","396.50","","-2.54%"
"1981/11/01","413.30","432.00","436.00","392.50","","-4.15%"
"1981/10/01","431.20","446.00","469.00","426.50","","-2.66%"
"1981/09/01","443.00","441.00","482.50","428.00","","-0.11%"
"1981/08/01","443.50","411.00","463.00","405.00","","4.80%"
"1981/07/01","423.20","426.50","431.50","397.00","","-1.24%"
"1981/06/01","428.50","495.50","497.50","427.00","","-12.99%"
"1981/05/01","492.50","488.00","503.00","464.00","","0.72%"
"1981/04/01","489.00","524.00","545.50","476.00","","-6.95%"
"1981/03/01","525.50","471.00","556.00","453.00","","8.02%"
"1981/02/01","486.50","505.00","530.50","485.00","","-5.07%"
"1981/01/01","512.50","593.50","612.00","498.00","","-14.51%"
"1980/12/01","599.50","656.00","658.00","558.00","","-6.98%"
"1980/11/01","644.50","640.00","665.00","593.00","","0.39%"
"1980/10/01","642.00","699.00","708.50","627.00","","-6.75%"
"1980/09/01","688.50","656.00","748.50","656.00","","4.95%"
"1980/08/01","656.00","643.00","670.50","620.00","","2.18%"
"1980/07/01","642.00","670.00","696.00","604.00","","-1.83%"
"1980/06/01","654.00","580.00","666.00","560.00","","17.84%"
"1980/05/01","555.00","500.00","562.50","482.00","","9.47%"
"1980/04/01","507.00","525.00","570.00","483.00","","-2.31%"
"1980/03/01","519.00","643.00","660.00","453.00","","-18.91%"
"1980/02/01","640.00","700.00","742.50","617.00","","-9.09%"
"1980/01/01","704.00","566.00","873.00","566.00","","30.13%"
"1979/12/01","541.00","440.00","543.00","433.00","","25.67%"
"1979/11/01","430.50","381.50","432.80","365.00","","11.62%"
"1979/10/01","385.70","416.50","444.50","373.00","","-4.65%"
"1979/09/01","404.50","334.00","409.00","330.50","","23.81%"
"1979/08/01","326.70","299.00","330.00","288.00","","9.89%"
"1979/07/01","297.30","284.30","318.50","282.30","","4.76%"
"1979/06/01","283.80","280.50","287.50","275.00","","0.96%"
"1979/05/01","281.10","250.00","282.00","246.10","","12.80%"
"1979/04/01","249.20","243.80","250.70","231.80","","2.21%"
"1979/03/01","243.80","250.70","252.90","235.00","","-3.60%"
"1979/02/01","252.90","235.00","258.80","232.00","","6.89%"
"1979/01/01","236.60","229.10","239.30","216.60","","3.32%"
"1978/12/01","229.00","196.00","229.60","195.80","","16.60%"
"1978/11/01","196.40","230.70","230.70","192.00","","-18.40%"
"1978/10/01","240.70","220.50","249.40","220.20","","8.96%"
"1978/09/01","220.90","212.00","224.60","207.60","","4.89%"
"1978/08/01","210.60","214.00","221.50","201.50","","0.38%"
"1978/07/01","209.80","184.50","210.00","183.20","","14.21%"
"1978/06/01","183.70","185.50","189.30","181.90","","-1.76%"
"1978/05/01","187.00","170.30","188.40","169.20","","9.61%"
"1978/04/01","170.60","185.70","185.90","166.80","","-8.38%"
"1978/03/01","186.20","184.90","192.80","176.00","","0.98%"
"1978/02/01","184.40","179.40","185.80","173.60","","3.07%"
"1978/01/01","178.90","169.90","179.70","165.50","","6.81%"
"1977/12/01","167.50","162.90","167.90","157.10","","3.20%"
"1977/11/01","162.30","163.80","169.90","154.70","","-0.25%"
"1977/10/01","162.70","157.80","166.80","155.40","","4.03%"
"1977/09/01","156.40","147.70","157.10","147.40","","5.60%"
"1977/08/01","148.10","147.20","150.20","144.00","","0.68%"
"1977/07/01","147.10","143.50","148.00","140.50","","2.44%"
"1977/06/01","143.60","144.80","145.60","137.60","","-0.49%"
"1977/05/01","144.30","147.90","149.70","142.00","","-2.50%"
"1977/04/01","148.00","150.50","154.70","144.80","","-1.99%"
"1977/03/01","151.00","143.00","154.70","142.40","","4.43%"
"1977/02/01","144.60","134.00","145.40","132.80","","7.91%"
"1977/01/01","134.00","135.50","137.70","127.50","","-1.25%"
"1976/12/01","135.70","131.90","139.90","131.30","","2.34%"
"1976/11/01","132.60","122.80","141.00","122.80","","7.11%"
"1976/10/01","123.80","115.80","126.00","112.90","","6.63%"
"1976/09/01","116.10","104.30","121.00","104.10","","12.50%"
"1976/08/01","103.20","113.70","115.20","100.00","","-9.63%"
"1976/07/01","114.20","123.60","124.50","105.00","","-7.83%"
"1976/06/01","123.90","127.80","132.50","123.50","","-2.67%"
"1976/05/01","127.30","128.80","129.80","124.10","","-1.24%"
"1976/04/01","128.90","129.70","131.00","126.90","","-0.62%"
"1976/03/01","129.70","132.50","135.30","127.50","","-2.19%"
"1976/02/01","132.60","130.50","134.70","128.50","","2.79%"
"1976/01/01","129.00","140.80","141.50","123.40","","-8.51%"
"1975/12/01","141.00","138.80","147.90","136.70","","1.59%"
"1975/11/01","138.80","143.50","149.10","138.10","","-2.80%"
"1975/10/01","142.80","145.00","148.00","138.50","","0.42%"
"1975/09/01","142.20","152.80","156.30","129.00","","-12.65%"
"1975/08/01","162.80","173.80","173.90","160.40","","-6.11%"
"1975/07/01","173.40","168.30","175.40","161.40","","3.34%"
"1975/06/01","167.80","164.50","175.00","160.00","","-0.71%"
"1975/05/01","169.00","167.00","176.90","163.40","","1.32%"
"1975/04/01","166.80","179.70","179.90","162.30","","-7.08%"
"1975/03/01","179.50","183.30","187.50","175.00","","-1.91%"
"1975/02/01","183.00","179.10","189.00","171.30","","2.81%"